station_a,station_b,distance_km
Tilff,Y.Aguesses,4.934987524438928
Angleur-C.L.I.,Y.Aguesses,1.2635846113474993
Y.Aguesses,Y.Val-Benoit,0.7709709889717999
Y.Aguesses,Y.Garde-Dieu,0.6444611963809209
Kinkempois-Block_2,Y.Aguesses,0.612838050561979
Angleur,Y.Aguesses,0.7136436092610561
Mery,Tilff,2.4916855469972092
Racc.Engis-Carmeuse,Racc.Palifor,3.161046612994564
Racc.Engis-Carmeuse,Racc.Segal,1.8214070016748747
Racc.MGM-Winters,Racc.Palifor,0.5529868132310277
Inrit_Olen-Bundel,Olen-Sas,0.6000525656036114
Olen,Olen-Sas,1.191828649301497
Olen-Sas,Y.Kruisberg,3.653182827400099
Inrit_Olen-Bundel,Olen-Bundel,0.2999432256845396
Inrit_Olen-Bundel,Verb.Olen-Umicore,0.11536970068730153
Jurbise,Y.Jurbise,2.1745915036919983
Masnuy-Saint-Pierre,Y.Jurbise,1.5671290726751876
Courbe_de_Jurbise-PN_78,Y.Jurbise,1.5371510942980862
Erbisoeul,Jurbise,2.96268243569583
Jurbise,Y.Lens,0.9556342428117365
Antwerpen-W.H.-B.Krommenhoek,Y.Krommenhoek,0.49991064995414736
B.Krommenhoek-Uitrit_J,Y.Krommenhoek,1.2843759431684891
Kieldrechtsluis,Y.Krommenhoek,1.0442142865342945
Antwerpen-W.H.-B.Krommenhoek,B.Krommenhoek-Uitrit_J,0.78448447513443
Buizingen,Lot,1.7989034428222193
Lot,Ruisbroek,3.3731729304047033
Buizingen,Y.Noord_Halle,0.6477466719612279
Y.Haren-Nord_Y.Haren-Noord,Y.Rue_de_Bruel_Y.Bruulstraat,0.4066596895232058
Y.Entree_Groupe_R_Y.Inrit_Groep_R,Y.Rue_de_Bruel_Y.Bruulstraat,0.2848246986550888
Entree_Schaerbeek-C.P.I._Inrit_Schaarbeek-P.C.I.,Y.Rue_de_Bruel_Y.Bruulstraat,0.22326287786174182
Machelen,Y.Haren-Nord_Y.Haren-Noord,0.3554389602558325
Schaerbeek-Quai_C.P.I_Schaarbeek-Perron_P.C.I.,Y.Haren-Nord_Y.Haren-Noord,0.3638475376245216
Zeebrugge-BPEL-Inrit-ICO,Zeebrugge-Bundel_Pelikaan,0.82817371721184
Y.Pelikaan,Zeebrugge-Bundel_Pelikaan,0.9917856990500041
Zeebrugge-BPEL-EFICO,Zeebrugge-Bundel_Pelikaan,0.14509476448677566
Y.Eivoorde,Zeebrugge-Bundel_Pelikaan,0.6760891052326483
Zeebrugge-BPEL-NDQ,Zeebrugge-Bundel_Pelikaan,0.6246317252423085
Zeebrugge-BPEL-ICO2,Zeebrugge-BPEL-Inrit-ICO,0.14128058531202647
Zeebrugge-BPEL-ICO1,Zeebrugge-BPEL-Inrit-ICO,0.34248043699493774
Liege-Guillemins,Y.Val-Benoit,1.4723874102037855
Liege-Guillemins,Liege-Plans,0.3274389146219515
Liege-Guillemins,Liege-Guillemins-Faisceau,0.96566799175395
Liege-Guillemins,Sclessin,1.781101591825118
Liege-Carre,Liege-Guillemins,1.6726499085843158
Kinkempois-Block_2,Y.Val-Benoit,0.40383093957750704
Y.Garde-Dieu,Y.Val-Benoit,0.4523831857211349
Liege-Guillemins-Faisceau,Y.Val-Benoit,0.5422576914306984
L219-Inrit_Stukwerkers2,Verb.Stukwerkers2,0.1091975724562861
L219-Inrit_Stukwerkers2,L219-Rooster_Ringspoor,0.6441839393939293
Evergem-Uitrit_Bundel_Zandeken,L219-Inrit_Stukwerkers2,0.6466505407774207
Bruxelles-Midi_Brussel-Zuid,Y.Ruisbroek,4.846381001156306
Bruxelles-Midi-Gril_JNM_Brussel-Zuid-Rooster_NZV,Bruxelles-Midi_Brussel-Zuid,0.36860337330758325
Bruxelles-Midi_Brussel-Zuid,Y.Bruxelles-Petite-Ile_Y.Brussel-Klein-Eiland,1.9444308945256066
Anderlecht-Gril_Est_Anderlecht-Rooster_Oost,Bruxelles-Midi_Brussel-Zuid,3.5118621717452956
Bruxelles-Midi_Brussel-Zuid,Y.Cureghem_Y.Kuregem,1.129791538468397
Bruxelles-Midi_Brussel-Zuid,Ligne_96-Bypass_Lijn_96-Bypass,1.1921064846278933
Bruxelles-Midi_Brussel-Zuid,Y.Forest-Est_Y.Vorst-Oost,1.6010464522281183
Forest-Midi_Vorst-Zuid,Y.Ruisbroek,1.3396289154353256
Ruisbroek-Bundel,Y.Ruisbroek,0.6908112635514251
Ruisbroek,Y.Ruisbroek,0.9450805052978722
Y.Noord_Halle,Y.Ruisbroek,6.759406843743407
Ruisbroek-Bundel-Inrit_Ruisbroek-Bundel-Inrit,Y.Ruisbroek,0.03472083869437977
Kontich-Lint,Y.Duffel,1.3139450001406432
Duffel,Y.Duffel,3.5243378690005565
Y.Duffel,Y.Lint,0.7826985663912496
Duffel,Kontich-Lint,4.828565137709566
Hove,Kontich-Lint,2.374457372800377
Kontich-Lint,Y.Lint,0.9712059561105841
Aarschot,Y.Zuid_Driehoek_Aarschot,1.197075248804079
Y.Noord_Driehoek_Aarschot,Y.Zuid_Driehoek_Aarschot,0.623589049604982
Y.Oost_Driehoek_Aarschot,Y.Zuid_Driehoek_Aarschot,0.8936495794445389
Aarschot,Wezemaal,6.160144378239585
Hayettes,Leval,1.9626351783433
Hayettes,Y.Mariemont,1.5385420876106564
Binche,Leval,3.671424441760061
Stockem-Raccordements,Stockem-Sud,0.7002799819515487
Stockem-Nord,Stockem-Raccordements,0.51555824104006
Stockem-Sud,Viville,0.9979238529677572
Stockem,Stockem-Sud,0.2939750720517409
Montzen-Est,Montzen-N,0.5196868537921342
Montzen-N,Montzen-Ouest,1.8474576503053137
Montzen,Montzen-Est,1.4581243151634655
Montzen-Est,Montzen-Gril_Q,0.49650173667118386
Montzen-Est,Montzen-Gazoil,0.15800289347847488
Y.Leopold,Y.Noorderlaan,0.46034752291088754
Y.Ekersedijk,Y.Noorderlaan,1.8545752136760232
Y.Ford,Y.Noorderlaan,0.40536106847017983
Lijn_220/1-Kruising_lijn_221A,Y.Noorderlaan,0.33546366655575705
Verb.IVC,Y.Noorderlaan,0.4232983217188483
Verb.Molenbergnatie,Y.Noorderlaan,0.43568987575699836
Antwerpen-D.S.-Angola,Y.Leopold,1.1623028982434942
Antwerpen-D.S.-Wilmarsdonk,Y.Leopold,1.0592550817778918
Lijn_220/1-Kruising_lijn_221A,Y.Leopold,0.3647099014631818
Y.Leopold,Y.Wilmarsdonkbrug,0.41343080143571653
Antwerpen-D.S.-Kongo,Y.Leopold,0.7863420972655792
Lijn_10-Rooster_C/D,Y.Aven_Ackers,1.1974045800727895
Y.Aven_Ackers,Y.Haandorp,0.4752149412702355
Y.Aven_Ackers,Y.Hazop,0.5962001009774738
Lijn_10-Rooster_C/D,Lijn_10-Rooster_G/H,1.4261650942798272
Hemiksem,Inrit_Verb.Hemiksem-Verbeke,1.9796188283156126
Hemiksem,Schelle,1.2258848026177493
Inrit_Verb.Hemiksem-Verbeke,Verb.Hoboken-Umicore,1.444985298857151
Inrit_Verb.Hemiksem-Verbeke,Verb.Hemiksem-Verbeke,0.1773194320526329
Entree_Racc.Moustier-Solvay_1,Moustier-Garage,0.54252635992993
Entree_Racc.Moustier-Solvay_1,Jemeppe-Froidmont,0.43336872071718174
Entree_Racc.Moustier-Solvay_1,Racc.Moustier-Solvay_1,0.22986814959949642
Ham-sur-Sambre,Moustier-Garage,0.25176252679639266
Moustier,Moustier-Garage,1.2370450312489885
Marche-les-Dames,Marche-les-Dames-Marchandises,0.18817191017201726
Marche-les-Dames-Marchandises,Nameche,2.48428781745079
Beez,Marche-les-Dames,2.9775915366519854
Y.Bayer,Y.Wittemolen,0.3044186873851316
Verb.Kanaaldok_B1-Bayer,Y.Bayer,2.193654031460433
Y.Bayer,Y.Lillobrug,0.3576980408079679
Verb.Evonik_Degussa_Antwerpen,Y.Wittemolen,0.8053247984639207
Y.Lillobrug,Y.Wittemolen,0.3875546683117747
Antwerpen-D.S.-Oudendijk,Y.Wittemolen,2.9352229797782536
Lavaux,Neufchateau,7.573970726974644
Libramont,Neufchateau,9.036722957816947
Lavaux,Marbehan,7.866269025145139
Y.Berliwal,Y.Lillobrug,1.9665786772927178
Lijn_11/1-Kruising_lijn_223,Y.Berliwal,0.3950669360244143
Antwerpen-Noord-Blok_G9-H9,Y.Berliwal,1.7725136514227484
Antwerpen-D.S.-Berendrecht,Y.Berliwal,1.7707416739856312
Lijn_11/1-Kruising_lijn_223,Y.Lillobrug,2.0057070654773987
Berchem-Sainte-Agathe_Sint-Agatha-Berchem,Groot-Bijgaarden,1.260082057386041
Berchem-Sainte-Agathe_Sint-Agatha-Berchem,Jette_Jette,2.780372152060436
Dilbeek,Groot-Bijgaarden,2.193134490542176
La_Louviere-Sud,Y.Saint-Vaast,1.294844420511202
La_Louviere-Sud,Y.Mariemont,1.7290527546472627
Y.La_Paix,Y.Saint-Vaast,0.9001036041362118
La_Louviere-Centre,Y.Saint-Vaast,0.9908676137390535
Antwerpen-Berchem,Y.Noord_Groenenhoek,0.35347240917725414
Groenenhoek-Wijkbundel,Y.Noord_Groenenhoek,0.14059139279377594
Y.Berchem-Stadion,Y.Noord_Groenenhoek,0.40804164106829194
Y.Noord_Groenenhoek,Y.Zuid_Groenenhoek,0.299300964744124
Antwerpen-Berchem,Y.West_Berchem,0.2770321677617104
Antwerpen-Berchem,Y.Noord_Berchem,0.35438237867369476
Antwerpen-Berchem,Y.Zuid_Groenenhoek,0.6282425164503949
Antwerpen-Berchem,Y.Berchem-Stadion,0.7612278647651153
Antwerpen-Berchem,Y.Oost_Berchem,0.34773106416351823
Antwerpen-Noord-Inrit_C1,Antwerpen-Noord-Perron_T.C.T.,1.63452307713261
Antwerpen-Noord-Inrit_C1,Antwerpen-Noord-Inrit_T.W.,1.2927255209735617
Antwerpen-Noord-Inrit_C1,Y.Muisbroek,2.2175726039000163
Antwerpen-Noord-Inrit_C1,Y.Schijn,0.2427113695670768
Antwerpen-Noord-Bundel_C1,Antwerpen-Noord-Inrit_C1,1.3935112542705
Antwerpen-Noord-Bundel_D,Antwerpen-Noord-Inrit_C1,1.4151045595101797
Antwerpen-Noord-Bundel_N,Antwerpen-Noord-Inrit_C1,1.2879273971841674
Antwerpen-Noord-Inrit_C1,Antwerpen-Noord-Uitrit_C1,1.9867076676621032
Antwerpen-Noord-Inrit_C1,Antwerpen-Noord-Uitrit_B3,0.7931791424114026
Antwerpen-Noord-Inrit_C1,Y.Ekersedijk,1.6776347813092582
Antwerpen-Noord-Perron_T.C.T.,Antwerpen-Noord-Uitrit_C1,0.35331988478130566
Y.Oost_Driehoek_Ledeberg,Y.West_Driehoek_Ledeberg,0.6625158177619328
Y.Noord_Driehoek_Ledeberg,Y.Oost_Driehoek_Ledeberg,0.5389847388324267
Merelbeke,Y.Oost_Driehoek_Ledeberg,1.0068090754708976
Merelbeke-Sas_T.W.,Y.Oost_Driehoek_Ledeberg,1.1181333616849125
Merelbeke-Centraal,Y.Oost_Driehoek_Ledeberg,0.5727182314925325
Gent-Sint-Pieters,Y.West_Driehoek_Ledeberg,2.62608769244292
Gentbrugge-Perron_C.W.,Y.West_Driehoek_Ledeberg,0.41587568915800677
Manage,Y.Bois-d'Haine,1.14204416498325
Manage,Y.Familleureux,1.383226448915461
Godarville,Manage,4.204376866189489
La_Louviere-Gare_Industrielle,Y.Bois-d'Haine,3.3144681625327777
Y.Bois-d'Haine,Y.Familleureux,0.4374232935968811
Lierde,Zottegem,5.869509918597032
Lierde,Y.Nederboelare,5.255362284990637
Balegem-Zuid,Zottegem,3.5766922414109414
Hillegem,Zottegem,3.901176594840162
Munkzwalm,Zottegem,5.863176958543228
Buda,Schaerbeek_Schaarbeek,4.268179332362142
Schaerbeek_Schaarbeek,Y.Schaerbeek-Groupe_G_Y.Schaarbeek-Groep_G,2.3636999183005725
Schaerbeek-Faisceau_M_Schaarbeek-Bundel_M,Schaerbeek_Schaarbeek,0.5377941137530051
Schaerbeek-NOS_Schaarbeek-NOS,Schaerbeek_Schaarbeek,1.026826895317288
Bruxelles-Nord-Gril_F_Brussel-Noord-Rooster_F,Schaerbeek_Schaarbeek,1.6964704147130047
Schaerbeek-Carwash_Schaarbeek-Carwash,Schaerbeek_Schaarbeek,1.0979304415558748
Schaerbeek-Gril_N_Schaarbeek-Rooster_N,Schaerbeek_Schaarbeek,1.0048380199258202
Schaerbeek_Schaarbeek,Y.Pont-de-la-Senne_Y.Zennebrug,1.1418055783400503
Bruxelles-Nord_Brussel-Noord,Schaerbeek_Schaarbeek,2.4396376077625725
Schaerbeek_Schaarbeek,Y.Josaphat_Y.Josaphat,0.8092325749692536
Haren-Sud_Haren-Zuid,Schaerbeek_Schaarbeek,2.8383110068276687
Schaerbeek_Schaarbeek,Y.Pont_Albert_Y.Albertbrug,0.6118747757531963
Buda,Vilvoorde,2.1139459257350652
Masnuy-Saint-Pierre,Neufvilles,3.518003074065526
Neufvilles,Neufvilles-Garage,0.42915823505610745
Sint-Truiden,Y.Gingelomstraat,8.549119515632361
Landen,Y.Gingelomstraat,1.7894670679862648
Alken,Sint-Truiden,11.126251151240412
Meerhout-E.C.M.,Verb.De_Bonte,2.125958451371947
Verb.De_Bonte,Verb.Exxon_Chemicals,0.7706262550112819
Racc.Yves-Gomezee-Les_Petons,Yves-Gomezee,2.3216941127957123
Walcourt,Yves-Gomezee,4.540382374200591
Philippeville,Racc.Yves-Gomezee-Les_Petons,4.605789246137834
Hasselt-Aflos_L.35/1,Y.West_Driehoek_Hasselt,0.3840267930368423
Hasselt-Afwisseling,Y.West_Driehoek_Hasselt,0.9391770400423708
Hasselt-T.W.,Y.West_Driehoek_Hasselt,0.5900777950599522
Hasselt-Rooster_S,Y.West_Driehoek_Hasselt,0.8240906351280471
Schulen-Sas,Y.West_Driehoek_Hasselt,8.393936022753138
Hasselt-Aflos_L.35/1,Y.Noord_Driehoek_Hasselt,0.6630593495428795
Kloosterheide,Y.Nazareth,1.8139009555369774
Lier,Y.Nazareth,1.9831191431265702
De_Bist,Y.Nazareth,0.947291066167666
Berlaar,Kloosterheide,3.067698233439363
Beringen-Mijn,Beverlo,1.3286193868397993
Beverlo,Leopoldsburg,3.561500855617804
Beringen,Beringen-Mijn,2.926950808138145
Gedinne,Graide,7.315839354110891
Gedinne,Gedinne-Marchandises,0.12973131950930508
Carlsbourg,Graide,5.108987392852731
Y.Eivoorde,Y.Pelikaan,0.558414042833472
Heist,Y.Pelikaan,5.517591916118558
Y.Boudewijnkanaal,Y.Pelikaan,1.8002801046699395
Marchienne-au-Pont,Monceau-Formation,1.5794427448181807
Monceau-Formation,Y.Martinet,1.2643027541308198
Monceau-Formation,Monceau-Gril_F,0.6422844578735929
Marchienne-au-Pont,Y.La_Sambre,0.7729701164475123
Marchienne-au-Pont,Monceau-Gril_F,2.218969237533491
Marchienne-au-Pont,Y.Martinet,0.35338427767771624
Marchienne-au-Pont,Roux,3.4412497932841575
Marchienne-au-Pont,Y.Nord,1.624197144336878
Hermalle-sous-Huy,Racc.Dumont-Wauthier,1.019018292429105
Engis,Hermalle-sous-Huy,2.005868863238315
Haute-Flone,Racc.Dumont-Wauthier,2.9220140968095163
Ham,Tessenderlo,3.437398569197079
Tessenderlo,Y.Diest,8.577218211879872
Ham,Ham-Doodspoor,1.369319623250489
Amay,Haute-Flone,1.191073194269067
Amay,Ampsin,2.358761329457607
Auvelais,Tamines,2.4494415219435832
Auvelais,Fleurus,7.152364650086136
Auvelais,Racc.Somei,0.06609825093608276
Auvelais,Jemeppe-sur-Sambre-Marchandise,1.929592207652637
Aisemont,Tamines,3.3903128947893117
Aiseau,Tamines,1.7570875736927234
Y.Geslecht-Oost,Y.Geslecht-West,0.4273957236620121
Verb.Halterman,Y.Geslecht-Oost,0.7595324592000648
Y.Geslecht-Oost,Y.Geslecht-Zuid,0.31318992031493825
Verb.Liefkenshoek_Logistic_Hub,Y.Geslecht-Oost,0.06863940649932372
Verb.Ashland,Y.Geslecht-West,0.8001345923739432
Y.Geslecht-West,Y.Kalishoek-Oost,0.23118266794460796
Bellem,Hansbeke,3.713593145096554
Hansbeke,Landegem-Rooster_G/H/L,1.4605743099754886
Bellem,Y.Bellem,0.7129434789566415
Lier,Lier-Rooster_D/E,0.23783888836570388
Lier,Lier-Rooster_C/G,0.20348365731747162
Bracquegnies,Thieu,2.0413880946708516
Bracquegnies,Y.La_Paix,2.476667522042599
Havre,Thieu,2.848994718838321
Bockstael_Bockstael,Y.Bockstael_Y.Bockstael,0.45099793698876206
Bockstael_Bockstael,Y.Laeken_Y.Laken,0.34740053784361147
Y.Bockstael_Y.Bockstael,Y.Pannenhuis_Y.Pannenhuis,0.6123088032823395
Jette_Jette,Y.Bockstael_Y.Bockstael,0.9993033610379751
Forest-Midi_Vorst-Zuid,Ligne_96-Bypass_Lijn_96-Bypass,2.3225932369338573
Forest-Midi_Vorst-Zuid,Y.Bruxelles-Petite-Ile_Y.Brussel-Klein-Eiland,1.6156299318065754
Forest-Midi_Vorst-Zuid,Ruisbroek-Bundel-Inrit_Ruisbroek-Bundel-Inrit,1.344865131501888
Forest-Midi-Voies_920/926_Vorst-Zuid-Sporen_920/926,Forest-Midi_Vorst-Zuid,0.0049426863896192864
Kortrijk,Y.Zandberg,2.30030102454701
Harelbeke,Y.Zandberg,2.7136246918652893
Verb.Deerlijk-Casier,Y.Zandberg,4.198258971333491
Kortrijk,Y.Bethune,0.8748599167583617
Kortrijk,Y.Leiebrug,0.9186014260316798
Eine,Y.Eine,2.1430161790241384
Oudenaarde,Y.Eine,0.6418621268997001
Eine,Zingem,4.5183269283013425
Antwerpen-Kiel,Antwerpen-Kiel-Rooster_W/U,0.8636455756089713
Antwerpen-Kiel-Rooster_W/U,Hoboken-Polder,1.0215755061603609
Antwerpen-Kiel-Rooster_I/J,Antwerpen-Kiel-Rooster_W/U,1.6184178938891352
Antwerpen-Kiel,Antwerpen-Kiel-Rooster_I/J,0.7547982135457768
Diest,Zichem,4.62977073852567
Diest,Y.Diest,0.8342812194213789
Testelt,Zichem,2.926591026141095
Evergem-Uitrit_Bundel_Zandeken,Verb.GTS,1.870443646858613
Evergem-Bundel_Zandeken,Evergem-Uitrit_Bundel_Zandeken,0.3816784773186482
Evergem-Uitrit_Bundel_Zandeken,Verb.GhentRenewables,0.6743435698465524
Mechelen-Dijkstraat,Mechelen-Nekkerspoel,0.7240761540529866
Mechelen-Nekkerspoel,Y.Muizen,0.9673916069938974
Mechelen,Mechelen-Nekkerspoel,1.4631810833470065
Mechelen-Nekkerspoel,Y.Nekkerspoel,0.2908265852034458
Mechelen-Dijkstraat,Y.Otterbeek,1.966012324898968
Mechelen-Dijkstraat,Y.Sint-Katelijne-Waver,3.6070401014329385
Mechelen-Dijkstraat,Sint-Katelijne-Waver,3.842093970181944
Duffel,Sint-Katelijne-Waver,2.3133805131746072
Sint-Katelijne-Waver,Y.Sint-Katelijne-Waver,0.2398527895596194
Aalst-Rooster_Oost,Erembodegem,1.6539727556255075
Denderleeuw,Erembodegem,3.251304278985514
Aalst,Aalst-Rooster_Oost,1.3465693556568699
Aalst-Oost,Aalst-Rooster_Oost,0.3137500175782615
L50D-YFEB_WART864,Y.Bellem,0.7129434789566415
L50D-YFEB_WART863,Y.Bellem,0.3645838301103878
L50D-YFEB_WART973,Y.Bellem,0.3866344587479639
Aalter,Y.Bellem,2.1988495819306015
Bruxelles-Central_Brussel-Centraal,Bruxelles-Congres_Brussel-Congres,0.8191514620405435
Bruxelles-Central_Brussel-Centraal,Bruxelles-Chapelle_Brussel-Kapellekerk,0.7906442416622788
Bruxelles-Congres_Brussel-Congres,Bruxelles-Nord_Brussel-Noord,0.8968600266970572
Forest-Faisceau_M_Vorst-Bundel_M,Forest-Midi-Voies_920/926_Vorst-Zuid-Sporen_920/926,0.4865090455798901
Forest-Faisceau_M_Vorst-Bundel_M,Forest-TGV-TO97XD_Vorst-HST-TO97XD,0.24997909972895288
Forest-Midi-Voies_920/926_Vorst-Zuid-Sporen_920/926,Forest-Voitures_Vorst-Rijtuigen,0.7850921008577049
Forest-Carwash_Vorst-Carwash,Forest-Midi-Voies_920/926_Vorst-Zuid-Sporen_920/926,0.7422637966783185
Bruxelles-Midi-A.T.-TGV_Brussel-Zuid-T.W.-HST,Forest-Midi-Voies_920/926_Vorst-Zuid-Sporen_920/926,0.8654374848712001
Jabbeke,Oostende-Rooster_C,8.422127220212948
Brugge,Jabbeke,8.606680555951748
Oostende-Bundel_Plassendale_1,Oostende-Rooster_C,1.2074087869099934
Oostende-Rooster_C,Oostende-Zeehaven,0.5989678387218991
Oostende-Rooster_C,Oostende-Rooster_G,2.0803080895660075
Muizen,Muizen-Rooster_T,0.2337376539266946
Mechelen-C.W.,Muizen-Rooster_T,2.299821098121995
Muizen-Rooster_T,Y.Prinsenhoek,1.0584445377479377
Muizen-Rooster_T,Y.Hever,1.571170542955059
Muizen,Muizen-Goederen,0.818115170408802
Muizen,Y.Muizen,2.0080916652996543
Mechelen,Muizen,2.387992595154413
Lobbes,Thuin,2.022685464880629
Hourpes,Thuin,2.7213427424576166
Lobbes,Lobbes-Garage,0.2723881523138173
Kinkempois-Block_2,Y.Garde-Dieu,0.6967469885583829
Kinkempois-Block_2,Kinkempois-Relais,1.0665379196518607
Kinkempois-Block_2,Kinkempois-Formation,0.5578767953621936
Antwerpen-W.H.-B.Kalishoek,Y.Kalishoek-Oost,0.8321936343097408
Y.Geslecht-Zuid,Y.Kalishoek-Oost,0.5953943262740722
Y.Kalishoek-Oost,Y.Kalishoek-West,1.3733205866964084
Antwerpen-W.H.-B.Kalishoek,Y.Kalishoek-West,0.6088854712925127
Dilbeek,Sint-Martens-Bodegem,2.6887874297016205
Sint-Martens-Bodegem,Ternat,2.9062030385700037
Gedinne-Marchandises,Voneche,8.90753514425495
Kortrijk-Ringlaan,Y.Bethune,2.3546375193375972
Kortrijk-Goederen,Y.Bethune,0.7615369933122671
Y.Bethune,Y.Leiebrug,0.3836281480485461
Aarschot-Rooster_Noord,Y.Noord_Driehoek_Aarschot,1.139556152025528
Aarschot-Rooster_Noord,Begijnendijk,2.2733703533409386
Y.Noord_Driehoek_Aarschot,Y.Oost_Driehoek_Aarschot,0.567294655228583
Antwerpen-Noord-Blok_G9-H9,Antwerpen-Noord-Bundel_C2,0.6184425665084186
Antwerpen-Noord-Bundel_C2,Antwerpen-Noord-Uitrit_C1,0.8407230128660953
Antwerpen-Noord-Bl.9-Rooster_J,Antwerpen-Noord-Blok_G9-H9,0.9600894643036798
Antwerpen-Noord-Blok_G9-H9,Y.Kruiske,0.6223061292012445
Antwerpen-Noord-Blok_G9-H9,Antwerpen-Noord-Bundel_C3,0.43720757875653365
Antwerpen-Noord-Blok_G9-H9,Antwerpen-Noord-Perron_CHW,0.4540140188458869
Antwerpen-Noord-Blok_G9-H9,Y.Oorderen,0.3311942455262819
Antwerpen-Haven,Antwerpen-Noord-Blok_G9-H9,2.0069094952408606
Bruxelles-Midi-A.T.-TGV_Brussel-Zuid-T.W.-HST,Forest-Nord_Vorst-Noord,0.5083806560077732
Forest-Nord_Vorst-Noord,Y.Bruxelles-Petite-Ile_Y.Brussel-Klein-Eiland,0.2448039434982824
Forest-Nord_Vorst-Noord,Forest-TGV-TO97XD_Vorst-HST-TO97XD,0.6400244653057847
Bruxelles-Petite-Ile-Carwash_Brussel-Klein-Eiland-Carwash,Forest-Nord_Vorst-Noord,0.1783517157953892
Forest-Nord_Vorst-Noord,Forest-Voitures-Quai_Service_Vorst-Rijtuigen-Dienstperron,0.5143256049338256
Bruxelles-Midi-A.T.-TGV_Brussel-Zuid-T.W.-HST,Forest-TGV-TO97XD_Vorst-HST-TO97XD,0.13812752792872524
Forchies,Y.Martinet,5.235689894439341
Y.Eivoorde,Zeebrugge-Bundel_Ramskapelle,2.2646815614083016
Zeebrugge-BRAM-Toyota,Zeebrugge-Bundel_Ramskapelle,0.6283675972294845
Zeebrugge-Bundel_Ramskapelle,Zeebrugge-Sea-Ro_Terminal,2.9029065280616897
Zeebrugge-BRAM-B.CAST,Zeebrugge-Bundel_Ramskapelle,0.6602318761542424
Zeebrugge-BRAM-CDMZ,Zeebrugge-Bundel_Ramskapelle,0.289309198017064
Zeebrugge-BRAM-DSP880,Zeebrugge-Bundel_Ramskapelle,0.6010733591568904
Zeebrugge-BRAM-Tankinst.,Zeebrugge-Bundel_Ramskapelle,0.33377694196033697
Begijnendijk,Booischot,2.586965274870294
Booischot,Heist-op-den-Berg,5.974741396928938
Eupen,Raeren,7.483816519288513
Eupen,Welkenraedt,5.190407908602855
Raeren,Raeren-Frontiere,1.8622385038591154
Evergem,Wondelgem,2.4090562998047704
Wondelgem,Wondelgem-Bundel,0.38456362292714197
Wondelgem,Wondelgem-SAS636,0.4906298625357567
Wondelgem,Wondelgem-Inrit_Bundel,0.67485074514316
Evergem,Sleidinge,3.1671593976647556
Y.Beauregard,Y.Patard,3.645392418773411
Halle-Ring,Y.Beauregard,25.131828894713603
Y.Beauregard,Y.Silly,1.3207020589158247
Tourpes,Y.Patard,16.350389561754678
Le_Coucou-Base_LGV,Y.Patard,0.9630195133051815
Chatelet-Gril_Est,Le_Campinaire,1.1501497511771865
Chatelet-Formation,Le_Campinaire,0.971605192126468
Chatelet-Faisceau_C,Le_Campinaire,0.7444550441112281
Farciennes,Le_Campinaire,0.9151886489943366
Chatelet,Chatelet-Gril_Est,1.01328242120733
Chatelet-Gasoil,Chatelet-Gril_Est,0.8663044525618764
Chatelet-Faisceau_C,Chatelet-Gril_Est,0.40805479205929585
Chatelet-Carwash,Chatelet-Gril_Est,0.26914169145964545
Chatelet-Formation,Chatelet-Gril_Est,0.2462385241498079
Barvaux,Melreux-Hotton,8.54511096102815
Barvaux,Bomal,3.2789822160287323
Melreux-Hotton,Racc.Marche-Defense_Nationale,5.8114090187948735
Kiewit_Inrit,Y.Zonhoven,1.0922273392671082
Y.Zonhoven,Zonhoven-Rooster_P/U,1.206590851380759
Y.Noord_Driehoek_Hasselt,Y.Zonhoven,1.562257750718892
Kiewit,Kiewit_Inrit,0.5774253873949701
Gent-Sint-Pieters,Gent-Sint-Pieters-Bundels,0.40641259198350843
Gent-Sint-Pieters,Y.Assels,2.6603698241141136
De_Pinte,Gent-Sint-Pieters,5.9565104723867295
Gent-Rooster_Snepbrug,Gent-Sint-Pieters,1.4162775288498977
Gent-Sint-Pieters,Lijn_50A-Seinen_467,5.366108479383575
Gent-Rooster_Snepbrug,Gent-Sint-Pieters-Bundels,1.0099496045096812
Bokrijk,Kiewit,4.076883872677248
Hasselt,Hasselt-Afwisseling,1.221787878562559
Zolder,Zonhoven,5.021261507921831
Zolder,Zolder-Kruissporen,0.9079281133847329
Zonhoven,Zonhoven-Rooster_P/U,3.5327218907792477
Schaerbeek-Gril_G_Schaarbeek-Rooster_G,Schaerbeek-Groupe_R_Schaarbeek-Groep_R,0.5821497760627535
Schaerbeek-Groupe_R_Schaarbeek-Groep_R,Y.Schaerbeek-Carwash_Y.Schaarbeek-Carwash,1.363984528147588
Schaerbeek-Gril_N_Schaarbeek-Rooster_N,Schaerbeek-Groupe_R_Schaarbeek-Groep_R,1.400101056970656
Schaerbeek-Faisceau_L_Schaarbeek-Bundel_L,Schaerbeek-Groupe_R_Schaarbeek-Groep_R,0.6919489937134999
Schaerbeek-A.T./D._Schaarbeek-T.W./D.,Schaerbeek-Groupe_R_Schaarbeek-Groep_R,0.947117763658255
Schaerbeek-Faisceau_P_Schaarbeek-Bundel_P,Schaerbeek-Groupe_R_Schaarbeek-Groep_R,1.253583642930598
Schaerbeek-Faisceau_V_Schaarbeek-Bundel_V,Schaerbeek-Gril_G_Schaarbeek-Rooster_G,0.7279431086162893
Schaerbeek-Gril_G_Schaarbeek-Rooster_G,Schaerbeek-P.E.D._Schaarbeek-D.O.P.,0.5194131152395652
Schaerbeek-Cul_de_sac_814_Schaarbeek-Doodspoor_814,Schaerbeek-Gril_G_Schaarbeek-Rooster_G,1.0526041757861753
Schaerbeek-Gril_G_Schaarbeek-Rooster_G,Schaerbeek-Groupe_G_Schaarbeek-Groep_G,0.39846514775328595
Schaerbeek-Gril_G_Schaarbeek-Rooster_G,Y.Schaerbeek-Groupe_G_Y.Schaarbeek-Groep_G,0.6993057718481109
Schaerbeek-Gril_G_Schaarbeek-Rooster_G,Schaerbeek-Sas_K/C_Schaarbeek-Sas_K/C,0.508876101733398
Bruxelles-Nord-Gril_F_Brussel-Noord-Rooster_F,Y.Josaphat_Y.Josaphat,0.9594484723763772
Bruxelles-Nord-Gril_F_Brussel-Noord-Rooster_F,Y.Pont-de-la-Senne_Y.Zennebrug,0.9292870656103711
Bruxelles-Nord-Gril_F_Brussel-Noord-Rooster_F,Bruxelles-Nord_Brussel-Noord,0.7616069403076662
Y.Josaphat_Y.Josaphat,Y.Pont-de-la-Senne_Y.Zennebrug,0.8638844983788411
Rogier_Rogier,Y.Josaphat_Y.Josaphat,1.4936117589076883
Alken,Hasselt,5.526548134825539
Hasselt,Hasselt-Bundel_E,1.1034922345138936
Hasselt,Hasselt-L.C.I.,1.3303729788512724
Hasselt,Hasselt-Rooster_S,1.2609659568401468
Hasselt,Y.Noord_Driehoek_Hasselt,1.4404045831975787
Hasselt,Hasselt-T.W.,1.5033685767191667
Diepenbeek,Hasselt,6.670533806406693
Hasselt,Hasselt-Carwash,1.013961828462109
Antwerpen-D.S.-Angola,Antwerpen-D.S.-Wilmarsdonk,1.1586097173859784
Noorderkempen,Y.Luchtbal,18.564990073217135
Antwerpen-Luchtbal,Y.Luchtbal,1.1255749164675484
Antwerpen-Noorderdokken,Y.Luchtbal,0.9008980941070939
Lijn_4-Stopmerkborden_249x,Noorderkempen,14.921711178517644
Lijn_50A-Seinen_342,Lijn_50A-Seinen_394,3.499339880873752
Lijn_50A-Seinen_292,Lijn_50A-Seinen_342,6.773865783495326
Lijn_50A-Seinen_394,Y.Meulewijk,3.1411154841906876
Antwerpen-Noorderdokken,Luchtbal-Rooster_S,0.3473084378839212
Antwerpen-Luchtbal,Antwerpen-Noorderdokken,2.0216648077894885
Luchtbal-Rooster_S,Luchtbal-Wijkbundel,0.7171543417019915
Luchtbal-Rooster_S,Y.Driehoekstraat,2.4215869472159777
Ekeren,Luchtbal-Rooster_S,1.4202470551247635
Heist-op-den-Berg,Melkouwen,3.592858189468571
Berlaar,Melkouwen,3.08766577720082
Bruxelles-Chapelle_Brussel-Kapellekerk,Bruxelles-Midi-Gril_JNM_Brussel-Zuid-Rooster_NZV,0.5412513137646731
Leuven,Leuven-Bundel_P,0.5172056210397409
Leuven,Y.Leuven-Bundel_M,1.5889504878849958
Leuven,Leuven-Bundel_I,1.0187496298381835
Hoegaarden,Leuven,20.227491855225857
Leuven,Leuven-Bundel_F,0.9779543739248923
Leuven,Leuven-Bundel_Q,0.5875523974638177
Leuven,Y.Molenbeek,1.8568636663230025
Leuven,Leuven-EBP_sporen_471/472,0.5790943879724256
Leuven,Y.Tivoli,0.9723448510146537
Leuven,Leuven-Bundel_M,1.0184835093420335
Leuven,Y.Parkbrug,1.5725267678183268
Herent,Leuven,3.9449015519277686
Leuven-Bundel_P,Y.Tivoli,0.47278736610039507
Balen-Werkplaatsen,Lommel,4.561557709686998
Balen-Werkplaatsen,Verb.Sibelco,4.052981429797361
Balen-Werkplaatsen,Mol,9.260410980542446
Lommel,Overpelt,7.853538708845587
Glons,Y.Glons,0.2296439782268099
Glons,Liers,6.190034524335209
Verb.Hessenatie-Autotransport,Y.Glons,4.101829159764391
Bassenge,Y.Glons,5.516426438267471
Antwerpen-Centraal,Antwerpen-Luchtbal,2.980460196504767
Antwerpen-Centraal,Y.Arendstraat,1.244520012091898
Antwerpen-Centraal,Y.Antwerpen-Oost,1.4625703223003963
Antwerpen-Dam,Antwerpen-Luchtbal,1.314288187085505
Genval,Rixensart,2.143511391043497
Genval,La_Hulpe,1.7390914469060488
Profondsart,Rixensart,2.273548957074913
Leuven-DSP153,Y.Leuven-Bundel_M,0.0494069508062973
Leuven-Bundel_I,Y.Leuven-Bundel_M,0.58346119879333
Y.Holsbeek,Y.Leuven-Bundel_M,1.325797676157415
Leuven-Bundel_M,Y.Leuven-Bundel_M,0.5715590439679307
Y.Leuven-Bundel_M,Y.Wilsele,0.88829833852121
Y.Dijlebrug,Y.Leuven-Bundel_M,1.2289488207052623
Verb.ACS2,Y.Meestoof,0.5683490333218905
Verb.ACS,Verb.ACS2,0.30168850844984285
Verb.Kanaaldok_B1-Bayer,Y.Meestoof,0.2655696239481122
Y.Diegem,Y.Harenheide_Y.Harenheide,0.9711744805826599
Haren_Haren,Y.Harenheide_Y.Harenheide,0.11794180694323951
Y.Harenheide_Y.Harenheide,Y.Keelbeek_Y.Keelbeek,0.7180984710887268
Haren-Sud_Haren-Zuid,Y.Diegem,1.3853605203416626
Ligne_36/1-Voie_059_Lijn_36/1-Spoor_059,Y.Diegem,0.6809885993625099
Diegem,Y.Diegem,0.5384154747559684
Ecaussinnes,Marche-lez-Ecaussinnes,2.3070835287611993
Ecaussinnes,Y.Ecaussinnes,3.212725764095343
Marche-lez-Ecaussinnes,Y.Feluy,1.2058826101541027
Diksmuide,Kortemark,12.248184853922083
Kortemark,Lichtervelde,5.807813865253901
Diksmuide,Veurne,14.658843860800712
Forest-Carwash_Vorst-Carwash,Forest-TGV-TO97XD_Vorst-HST-TO97XD,0.011542161820737662
Libramont,Y.du_Serpont,1.3740277691650649
Hatrival,Y.du_Serpont,7.782394887868183
Y.Recogne,Y.du_Serpont,0.9208672008831464
Libramont,Y.Recogne,1.4932233240695754
Botzelaer,Montzen-Gril_Q,4.66748128328748
Montzen-Gril_Q,Welkenraedt,6.523134731346085
Aachen_West_Grenze,Botzelaer,1.0268173304538613
Botzelaer,Montzen-Frontiere,1.0268173304538613
Y.Bruxelles-Petite-Ile_Y.Brussel-Klein-Eiland,Y.Cureghem_Y.Kuregem,0.9527500055400449
Anderlecht-Gril_Est_Anderlecht-Rooster_Oost,Y.Bruxelles-Petite-Ile_Y.Brussel-Klein-Eiland,1.6558299365685114
Bruxelles-Petite-Ile-Faisc.F_Brussel-Klein-Eiland-Bundel_F,Y.Bruxelles-Petite-Ile_Y.Brussel-Klein-Eiland,0.5512023408407069
Bruxelles-Petite-Ile-Carwash_Brussel-Klein-Eiland-Carwash,Y.Bruxelles-Petite-Ile_Y.Brussel-Klein-Eiland,0.06893787384343489
Kruisschansbrug,Verb.ACS,0.4208615036548827
Kruisschansbrug,Verb.Total,0.7350921101013964
Nameche,Sclaigneaux,3.1328780550383977
Muizen-Goederen,Y.Muizen,1.1937159562470494
Rhisnes,Rhisnes-Sas,0.20097804784039044
Rhisnes-Sas,Saint-Denis-Bovesse,3.2291572897085516
Namur,Rhisnes,5.422406969598703
Ans,Racc.Bierset-Zone_Fret,1.7383696163655067
Bierset-Awans,Racc.Bierset-Zone_Fret,1.7384136794482228
Ans,Ans-Plans,1.552812473119476
Ans,Pousset,15.186790887515524
Blaton,Harchies,3.560740554129489
Harchies,Ville-Pommeroeul,2.6471915167934568
Blaton,Peruwelz,5.275484507858201
Y.Otterbeek,Y.Sint-Katelijne-Waver,1.6417047601765364
Y.Koestraat,Y.Steenland,1.0333072717360834
Y.Kruipin,Y.Steenland,0.5292056481347855
Antwerpen-W.H.-B.Kallo,Y.Steenland,1.4871263885286203
Y.Hazop,Y.Koestraat,1.9129161724650348
Antwerpen-W.H.-B.Zuid,Y.Koestraat,0.8269813510289817
Verb.Van_Moer,Y.Koestraat,0.5458287333044972
Chatelet,Racc.Aperam,1.4097542163120687
Chatelet,Chatelet-Gril_Ouest,0.46604251477498987
Wondelgem-Bundel,Wondelgem-Inrit_Bundel,0.2913055307731273
Y.Boudewijnkanaal,Y.Ter_Doest,1.5092070677935836
Lissewege,Y.Ter_Doest,1.147795297087263
Y.Dudzele,Y.Ter_Doest,2.454035810302721
Y.Boudewijnkanaal,Y.Dudzele,1.410950138985558
Jemeppe-Froidmont,Mazy,6.065243473736712
Chapelle-Dieu,Mazy,5.1940771200275915
Jemeppe-Froidmont,Jemeppe-sur-Sambre,1.0170876193795744
Jemeppe-Froidmont,Racc.Moustier-Solvay_2,0.5612152576467362
Leupegem-Seinen_SL9-TL9,Oudenaarde,2.4523886006545337
Oudenaarde,Sint-Denijs-Boekel,7.3408549588536305
Anzegem,Oudenaarde,7.876622037701269
Athus,Athus-Longeau,0.9209279701006071
Athus-Longeau,Messancy,2.678889347172506
Athus-Faisceau_A,Athus-Longeau,0.5281026341192882
Athus,Athus-Faisceau_A,0.3966941400420189
Athus,Y.Aubange,1.067858946827857
Athus,Y.Athus-Nord,1.018376822388761
Antwerpen-Noord-Toegang_11L/1,Antwerpen-Noord-Uitrit_B3,0.4608292595889671
Antwerpen-Noord-Toegang_11L/1,Antwerpen-Noord-Toegang_A1,1.2167857481835989
Antwerpen-Noord-Blok_L9,Antwerpen-Noord-Toegang_11L/1,0.7747557343216185
Antwerpen-Nd-Bl.9-Rooster_D/E,Antwerpen-Noord-Toegang_11L/1,0.6762586248436797
Antwerpen-Noord-Uitrit_B3,Y.Schijn,1.0271675121292636
Antwerpen-Noord-Bundel_B3,Antwerpen-Noord-Uitrit_B3,0.5884562798705478
Antwerpen-Noord-Inrit_T.W.,Antwerpen-Noord-Uitrit_B3,0.5319871404659288
Erquelinnes,Erquelinnes-Frontiere,0.35233748264693027
Erquelinnes,Frontière FR-BE (Jeumont - Erquelines),0.35233748264693027
Erquelinnes,Erquelinnes-Village,1.3279080930300118
Aalst,Lede,4.86726461264327
Aalst,Aalst-Kerrebroek,1.1309182349759408
Aalst,Aalst-Oost,1.0395748326110665
Lede,Serskamp,2.338895661189265
Tielen,Y.Kruisberg,7.201936671391241
Herentals,Y.Kruisberg,0.8471703609238509
Tielen,Turnhout,9.669075939427994
Erquelinnes-Village,Solre-sur-Sambre,2.028467665998261
Verb.IVC,Y.Ekersedijk,1.4313075010947138
Y.Ekersedijk,Y.Muisbroek,0.8584799891595448
Antwerpen-Nd-Temp-Perron-B.9.,Antwerpen-Noord-Bl.9-Rooster_J,0.15287308399764316
Antwerpen-Noord-Bl.9-Rooster_J,Y.Muisbroek,0.2971653282053006
Landen,Neerwinden,3.531827469831221
Ezemaal,Neerwinden,3.096887419509048
Landen,Waremme,13.30727034270731
Antwerpen-Noord-Toegang_A1,Y.Schijn,0.27114176010940033
Y.Driehoekstraat,Y.Schijn,0.8551119179751389
Verb.ADPO,Y.Kruipin,0.28618557640377806
Verb.Van_Moer,Y.Kruipin,0.5333542877692775
Verb.ADPO,Y.Den_Beer,1.3458016079236996
VERB.Taminco,Wondelgem-SAS636,0.2184114996760849
Wondelgem-SAS636,Y.Zuid_Everstein,0.6246833435386238
Y.Muisbroek,Y.Oorderen,1.1917979044649567
Antwerpen-Noord-Bundel_D,Y.Muisbroek,0.8119923093448229
Y.Kruiske,Y.Oorderen,0.5709934165240921
Y.Oorderen,Y.Ordam,0.6437311198225046
Lijn_50A-Seinen_B135/A148,Lijn_50A-Seinen_BX82/A84,5.869183931541497
Anderlecht-Gril_Ouest_Anderlecht-Rooster_West,Lijn_50A-Seinen_BX82/A84,3.54040635072297
Lijn_50A-Seinen_B135/A148,Y.Sint-Katherina-Lombeek,3.6940647624237077
Coo,Trois-Ponts,2.517348097494796
Coo,Stoumont,8.417299842594469
Trois-Ponts,Vielsalm,10.380420919016043
Godinne,Lustin,2.3774898429753892
Jambes,Lustin,9.371364620027556
Godinne,Yvoir,3.1813924516006287
Antwerpen-Oost,Y.Antwerpen-Oost,0.24191989617616566
Y.Antwerpen-Oost,Y.Oost_Berchem,0.4607158399952427
Antwerpen-Berchem-LCI,Y.Antwerpen-Oost,0.10800967879056433
Y.Antwerpen-Oost,Y.Noord_Berchem,0.4558723167382494
Antwerpen-Oost,Y.Antwerpen-Schijnpoort,1.4038002639545781
Schulen,Schulen-Sas,0.163105225069747
Schulen,Y.Diest,9.392638390462025
Boitsfort_Bosvoorde,Watermael_Watermaal,1.7913117787553887
Etterbeek_Etterbeek,Watermael_Watermaal,1.4478877910461756
Boitsfort_Bosvoorde,Groenendaal,4.2863522918436825
Y.Laeken_Y.Laken,Y.Pont-de-la-Senne_Y.Zennebrug,0.8563094717239417
Labuissiere,Solre-sur-Sambre,2.036361514826249
Jemeppe-sur-Sambre,Jemeppe-sur-Sambre-Marchandise,0.4765627958742222
Ham-sur-Sambre,Jemeppe-sur-Sambre,0.7591229215259786
Kinkempois-Relais,Y.Renory,1.0349349549335252
Kinkempois-Reception,Y.Renory,0.5988897105678671
Renory_1,Y.Renory,0.5460086575847173
Ougree,Y.Renory,1.4767223437296193
Aubange-Frontiere-France,Y.Mont-Saint-Martin,1.090493480998358
Frontière FR-BE (Longwy - Aubange),Y.Mont-Saint-Martin,1.090493480998358
Y.Athus-Sud,Y.Mont-Saint-Martin,0.26540405734487515
Y.Aubange,Y.Mont-Saint-Martin,0.2204630856412131
Hony,Mery,1.293861745852046
Esneux,Hony,1.1921403816054938
B.Krommenhoek-Uitrit_J,Y.Arenberg,1.4775351429729477
Antwerpen-D.S.-Groenland,Y.Alaska,1.329304629741347
Antwerpen-D.S.-Groenland,Y.Oosterweel,1.2220941839770787
Antwerpen-D.S.-West-Siberie,Y.Alaska,0.7939983068636045
Antwerpen-D.S.-Alaska,Y.Alaska,0.9377638707970063
Y.Alaska,Y.Oosterweel,0.8477114324858726
Y.Alaska,Y.Amerika,0.22869025183855093
Callenelle,Peruwelz,4.895264254389476
Messancy,Y.Autelbas,5.702885685427851
Jemappes,Quaregnon,2.1196125298412976
Jemappes,Mons,4.0507175744112045
Quaregnon,Y.Criquelion,1.0894583911172049
Charleroi-A.T.,Couillet,1.1475940696079607
Charleroi-Central,Couillet,2.5418125425296196
Charleroi-Dry_Port,Couillet,1.9594528257594475
Chatelet-Gril_Ouest,Couillet,3.7129706935208246
Charleroi-A.T.,Charleroi-Central,1.5016783979645094
Schaerbeek-A.T./E._Schaarbeek-T.W./E.,Schaerbeek-Faisceau_V_Schaarbeek-Bundel_V,0.5651531917013619
Schaerbeek-Faisceau_V_Schaarbeek-Bundel_V,Y.Schaerbeek-Carwash_Y.Schaarbeek-Carwash,1.1048909996972873
Y.Berneau,Y.Longchamps,0.528009305440149
Vise,Y.Longchamps,1.248941664696609
Vise-Haut,Y.Longchamps,0.6627214907973509
Vise-Haut,Y.Berneau,0.9180869276285042
Sint-Martens-Voeren,Y.Berneau,7.367818288781638
Koksijde,Veurne,1.2142614009291215
Koksijde,Y.Koksijde,0.7638891803834543
Braine-le-Comte,Y.Ecaussinnes,2.342184785404698
Braine-le-Comte,Y.Soignies,2.570506968762012
Braine-le-Comte,Hennuyeres-Garage,5.393432006811531
Courbe_de_Soignies-PN_63,Y.Ecaussinnes,0.5504471409242254
Lijn_10-Rooster_G/H,Lijn_10-Seinen_KL/LL,3.188908965261268
Forchies,Y.Forchies,0.980070736363163
Pieton,Y.Forchies,1.5137704639340714
Lier-Rooster_D/E,Y.Lint,4.952631887439358
Y.Drabstraat,Y.Liersesteenweg,0.9373906586893581
Mortsel-Liersesteenweg,Y.Liersesteenweg,0.23942673733524925
Y.Krijgsbaan,Y.Liersesteenweg,1.006653990388393
Y.Aubry,Y.Drabstraat,1.0720025512748341
Mortsel,Y.Drabstraat,1.2206626864191308
Verb.Exxon_Chemicals,Verb.Ivarem,3.071792907503576
Kwatrecht,Wetteren,3.579679732958455
Schellebelle,Wetteren,2.768698990700589
Kwatrecht,Y.Melle,2.5617716688105068
Gavere-Asper,Zingem,2.4284680930207942
Eke-Nazareth,Gavere-Asper,3.5442331779080933
Comines,Wervik,3.530663328272783
Menen,Wervik,5.089605511855404
Comines,Ieper,11.99779731179347
Ronet-Gril_R,Salzinnes-A.C.,1.021900725910338
Ronet-Formation,Ronet-Gril_R,0.7358867261523512
Ronet-C.L.I.,Ronet-Gril_R,0.5212288788169809
Ronet-Gril_R,Y.Ronet,0.13543806352548043
Mont-Saint-Guibert,Y.Louvain-la-Neuve,2.453394947273997
Louvain-la-Neuve,Y.Louvain-la-Neuve,2.9006391626500068
Ottignies,Y.Louvain-la-Neuve,2.4068309341560146
Blanmont,Mont-Saint-Guibert,2.6784488254362957
Geel,Mol,9.06316808352307
Geel,Olen,6.093425326093542
Balen,Mol,4.339752379080015
Clabecq,Clabecq-Marchandises,2.130322618948212
Clabecq,Tubize,0.6634142333030328
Clabecq,Lembeek,2.325580086816285
Fontaine-Valmont,Lobbes-Garage,4.35459925491449
Fontaine-Valmont,Labuissiere,1.8515850218824528
Verb.ITC_Rubis,Y.Arenberg,0.07548755891211623
Y.Arenberg,Y.Spaans_Fort,2.04579869650676
Verb.ITC_Rubis,Y.Spaans_Fort,2.1179092294080952
Lissewege,Zeebrugge-Rooster_F,0.5621311121424576
Antwerpen-W.H.-A.E.T.,Y.Antwerp_Euro_Terminal,0.910848110316257
Y.Antwerp_Euro_Terminal,Y.Verrebroek,0.9550756391037089
Verb.Tabaksnatie,Y.Antwerp_Euro_Terminal,0.3460060308441001
Y.Antwerp_Euro_Terminal,Y.Haandorp,0.8635853939113556
Flemalle-Haute,Y.Borgnet,0.94722692860123
Y.Borgnet,Y.Leman,0.36247736583382817
Flemalle-Annexe,Y.Borgnet,0.30635199103723376
Flemalle-Haute,Leman,0.928194077342269
Aigremont-Block_8.7,Flemalle-Haute,2.3177835832689646
Antwerpen-Nd-Temp-Perron-B.9.,Antwerpen-Noord-Uitrit_C1,0.35935766305747247
Charleroi-Central,Y.Nord,1.6374496990158574
Charleroi-Central,Charleroi-Faisceau_A,0.6451668283201978
Charleroi-Central,Charleroi-Faisceau_C,0.45184221663181307
Charleroi-Central,Charleroi-Ouest,0.6282617748688121
Antwerpen-D.S.-West-Siberie,Y.Oosterweel,0.8866408281081273
Y.Ford,Y.Oosterweel,0.7576524535502273
Y.Oosterweel,Y.Wilmarsdonkbrug,0.7205149722770793
FMVSL-Inrit-Disteel,VERB.Disteel,0.050379789787955855
Evergem-Sluis,FMVSL-Inrit-Disteel,0.8179629446623562
FMVSL-Inrit-Disteel,Y.Zuid_Everstein,2.088113896249207
Bakenbos,La_Hulpe,1.3942102442795103
Bakenbos,Hoeilaart,1.850291400110199
Schendelbeke,Y.Nederboelare,2.5137338765114463
Idegem,Schendelbeke,1.6224431582476975
Geraardsbergen,Y.Nederboelare,1.1460266621355093
Herstal,Liege-Saint-Lambert,3.811743906841247
Liege-Carre,Liege-Saint-Lambert,1.1010737929322476
Herstal,Milmort,4.008444005952294
Eppegem,Y.Weerde,2.2299194753102514
Eppegem,Weerde,2.296267321955447
Eppegem,Vilvoorde,4.151348071332732
Hofstade,Y.Weerde,2.330765068590037
Weerde,Y.Weerde,0.12210994189272523
Boechout,Lier-Rooster_C/G,5.462092922499764
Weerde,Y.Abeelstraat,3.0858738642719024
Mechelen,Weerde,4.556047509555207
Mechelen,Y.Abeelstraat,1.4929832395199951
Y.Abeelstraat,Y.Machelen-Noord,9.812385768310689
Verb.Halterman,Verb.Lanxess,2.2001164864035423
Antwerpen-D.S.-Berendrecht,Y.Berendrecht,1.1082837759233104
Antwerpen-D.S.-Berendrecht,Y.Noord_Driehoek_Lillo,1.9053315649113745
Y.Berendrecht,Y.Stabroek,0.3067330080207119
Antwerpen-D.S.-Zandvliet,Y.Berendrecht,1.9446542425223132
Gent-Rooster_Snepbrug,Gent-Sint-Pieters-Bundel_B,0.42704440517328984
Gent-Rooster_Snepbrug,Y.Assels,1.244362478301414
Callenelle,Maubray,3.0872660342339877
Maubray,Y.Maubray,1.2614773911992208
Cureghem-Cul_de_Sac_Kuregem-Doodspoor,Y.Cureghem_Y.Kuregem,0.2849740694451157
Bruxelles-Ouest_Brussel-West,Y.Cureghem_Y.Kuregem,2.2404479407045383
Y.Cureghem_Y.Kuregem,Y.Forest-Est_Y.Vorst-Oost,0.7996413439938823
Bruxelles-Petite-Ile-Faisc.F_Brussel-Klein-Eiland-Bundel_F,Y.Cureghem_Y.Kuregem,0.40903303852948864
Chatelet-Gasoil,Chatelet-Gril_Ouest,0.6050426680210541
Charleroi-Dry_Port,Chatelet-Gril_Ouest,1.7620744700876871
Bierset-Awans,Y.Voroux,0.6874498930717139
Etterbeek_Etterbeek,Y.Boondael_Y.Boondaal,1.3249568909015697
Etterbeek_Etterbeek,Germoir_Mouterij,1.3609341232698822
Bruxelles-Luxembourg_Brussel-Luxemburg,Etterbeek_Etterbeek,2.2725980868234017
Etterbeek_Etterbeek,Y.Etterbeek_Y.Etterbeek,1.0001622726976462
Y.Boondael_Y.Boondaal,Y.Watermael_Y.Watermaal,0.4827323416430459
Arcades_Arcaden,Y.Boondael_Y.Boondaal,0.12526595724848816
Charleroi-Faisceau_A,Marcinelle,0.35438270197297417
Charleroi-Ouest,Marcinelle,0.8087378526227675
Marcinelle,Y.Nord,0.649500661426681
Bruxelles-Luxembourg_Brussel-Luxemburg,Bruxelles-Schuman_Brussel-Schuman,0.6217617010795982
Bruxelles-Schuman_Brussel-Schuman,Y.Cinquantenaire_Y.Jubelpark,1.413931674000528
Bruxelles-Schuman_Brussel-Schuman,Rogier_Rogier,1.7406581580448353
Bruxelles-Luxembourg_Brussel-Luxemburg,Germoir_Mouterij,0.9350887141821436
Ronet-Formation,Y.Flawinne,0.705818688195396
Ronet-Formation,Ronet-P.E.,0.2437279031804638
Ronet,Ronet-Formation,0.5425383394107619
Flawinne,Y.Flawinne,0.445933690779952
Ronet,Y.Flawinne,1.1668379730291085
Y.Farnese-Oost,Y.Farnese-Zuid,0.35740239459452017
Y.Den_Beer,Y.Farnese-Zuid,0.8102615537575756
Lijn_208-Kruising_lijn_211,Y.Farnese-Zuid,0.3226467991911399
Verb.Kallo_Storage,Y.Farnese-Oost,1.1450059515430597
Y.Farnese-Oost,Y.Ketenis-Oost,0.3873890875292245
Geel-Containerterminal,Verb.B.P._Chembel,4.241890974285028
Geel-Containerterminal,Lijn_207-Seinen_AWL207,8.797007044117114
Verb.B.P._Chembel,Verb.Ivarem,1.44869105328338
Antwerpen-W.H.-B.Liefkenshoek,Verb.Nova_Natie,0.6729856689365578
Antwerpen-W.H.-B.Liefkenshoek,Y.Geslecht-Zuid,0.5154769571751262
Antwerpen-W.H.-B.Liefkenshoek,Y.Ketenis-West,0.5839984414465939
Verb.Nova_Natie,Verb.Shipit,0.5611652135195536
Boechout,Y.Aubry,1.5741576605197227
Y.Aubry,Y.Krijgsbaan,1.0750919387412168
Lauwe,Lauwe-L.A.R.,0.8586858771721069
Lauwe,Mouscron,5.728411623337294
Kortrijk-Ringlaan,Lauwe,2.962975309328627
Erpe-Mere,Vijfhuizen,2.163830980443715
Aalst-Kerrebroek,Vijfhuizen,3.0027117617221397
Bambrugge,Erpe-Mere,2.4901472522725188
Merelbeke,Y.Melle-West,2.343664074276456
Merelbeke-Rooster_S,Y.Melle-West,1.938145848919151
Melle,Y.Melle-West,0.6182848573063782
Melle-T.W.,Y.Melle-West,1.1323347603195488
Merelbeke,Merelbeke-Rooster_S,0.40751109945906305
Wondelgem-Inrit_Bundel,Wondelgem-Wiedauwkaaibrug,1.2749448954829186
Antwerpen-Kiel-Rooster_I/J,Antwerpen-Zuid,1.4247777629787148
Antwerpen-Zuid,Y.Antwerpen-Zuid,0.29416818370578174
Antwerpen-Linkeroever,Antwerpen-Zuid,3.7713892046379915
Familleureux,Y.Feluy,2.6483471501371314
Feluy-Zoning,Y.Feluy,1.762672137687963
Feluy-Cul_de_Sac,Y.Feluy,0.037001271502816756
Evergem-Inrit_Bundel_Zandeken,L219-Rooster_Ringspoor,1.4005499997661872
L219-Rooster_Ringspoor,Verb.Stukwerkers1,0.9490158364750338
Antwerpen-Noord-Blok_M9-N9,Antwerpen-Noord-C.H.W.,0.6783811294723323
Antwerpen-Noord-Blok_10,Antwerpen-Noord-C.H.W.,0.5941881543027282
Antwerpen-Noord-Blok_M9-N9,Antwerpen-Noord-Bundel_B1,0.7069247297871403
Antwerpen-Noord-Blok_M9-N9,Antwerpen-Noord-Toegang_A2,0.14759897452855097
Antwerpen-Noord-Blok_L9,Antwerpen-Noord-Blok_M9-N9,1.42108844031147
Antwerpen-Noord-Blok_M9-N9,Antwerpen-Noord-Bundel_B2,0.6589737493204293
Antwerpen-Noord-Blok_10,Antwerpen-Noord-Blok_M9-N9,1.2608523217798069
Y.Arendstraat,Y.Noord_Berchem,0.5829172999170269
Gent-Dampoort,Gentbrugge,2.2691891500799657
Gentbrugge,Y.Noord_Driehoek_Ledeberg,0.8996771861043763
Gent-Dampoort,Y.Boma,0.3251873192086134
Gent-Dampoort,Gent-Zeehaven,1.0486142135335577
Gent-Dampoort,Y.Bernadettestraat,2.395609962399756
Aubange-Frontiere-Luxembourg,Y.Athus-Sud,0.10515447523555793
Rodange_frontiere_B_Aub,Y.Athus-Sud,0.10515447523555793
Y.Athus-Nord,Y.Athus-Sud,0.26710216964372585
Y.Athus-Sud,Y.Aubange,0.47710694428091394
Drongen,Y.Assels,1.5129768288216379
Langdorp,Y.Oost_Driehoek_Aarschot,1.602211006478686
Langdorp,Testelt,5.816359483833483
Schaerbeek-Quai_C.P.I_Schaarbeek-Perron_P.C.I.,Y.Schaerbeek-Groupe_G_Y.Schaarbeek-Groep_G,1.6090620451821556
Bilzen,Bilzen-Wijkspoor,0.32862543228262925
Bilzen,Tongeren,9.718339231135536
Bilzen-Wijkspoor,Y.Rooierweg,0.794740729069526
Y.Antwerpen-Schijnpoort,Y.Holland,1.4970969332452935
Antwerpen-Schijnpoort-Carwash,Y.Antwerpen-Schijnpoort,0.6576720867607209
Antwerpen-Schijnpoort-Bundel_Q,Y.Antwerpen-Schijnpoort,0.5653600173123232
Antwerpen-Schijnpoort-Carwash,Y.Holland,0.9085708201201986
Antwerpen-Dam,Y.Holland,0.6395803646761127
Antwerpen-Schijnpoort-Bundel_Q,Y.Holland,1.0398908408337082
Hatrival,Poix-Saint-Hubert,3.8383721867651364
Lijn_10-Seinen_KL/LL,Y.Walenhoek,7.206388759417696
Lijn_11/1-Kruising_lijn_223,Y.Walenhoek,0.399776672816654
Antwerpen-Noord-Toegang_A2,Y.Walenhoek,1.8087821063343066
Antwerpen-Noord-Blok_10,Y.Walenhoek,0.8315235997147954
Y.Stabroek,Y.Walenhoek,1.2609761616310908
Lembeek,Tubize,2.831444945356933
Halle,Lembeek,2.3744741407918815
Hennuyeres,Tubize,4.9901276909916605
Quenast,Tubize,3.1403733069412003
Antwerpen-Noord-Blok_10,Antwerpen-Noord-Bundel_B1,0.555728337542137
Genk-Zuid-LO-Inrit_Noord_FORD,Y.Kaatsbeek,0.34886211089094926
Genk-Zuid-LO-Inrit_Noord_FORD,Y.Termien,1.7446885963855414
Genk-Zuid-L.O.-Ford,Genk-Zuid-LO-Inrit_Noord_FORD,1.1816043246735601
Genk-Zuid-LO-Inrit_Zuid_FORD,Y.Kaatsbeek,1.3432970828667918
Genk-Zuid-L.O.-L232,Y.Kaatsbeek,1.1751513938831157
Brugge-Rooster_E,Oostkamp,4.088888436799581
Brugge,Oostkamp,5.572410983492219
Oostkamp,Y.Stuyvenberg,1.2571046222853903
Brugge-Bundel_B,Brugge-Rooster_E,0.3475695768197709
Brugge,Brugge-Rooster_E,1.505488788392211
Brugge-Rooster_E,Steenbrugge,0.5393609268003007
Brugge-Rooster_E,Zedelgem-Rooster_E/G,6.525800472271887
Brugge-Bundels_U/V,Brugge-Rooster_E,0.6654845672322702
Kinkempois-Gril_F,Kinkempois-Reception,0.46152913072786483
Kinkempois-Gril_F,Y.Voroux,10.375943265422821
Kinkempois-Formation,Kinkempois-Gril_F,0.5822074961529919
Kinkempois-Gril_F,Origine.L125L/2-3,0.3826578110683483
Kinkempois-Reception,Renory_2,0.30798694393639164
De_Pinte,Deinze-Wijksporen,7.980296268110422
De_Pinte,Eke-Nazareth,4.311652966453288
Cuesmes,Mons,2.266484804442149
Mons,Mons-Carwash,0.6488337369093449
Ghlin,Mons,4.461805183244289
Cuesmes-A.C.,Mons,1.360090350082307
Mons,Nimy,2.176616420234032
Mons,Mons-Aviation,1.3600630833146135
Cuesmes,Frameries,3.814385888736846
Froidmont,Y.Garde-Dieu,2.4217848061790703
Montzen-Ouest,Remersdaal,2.9888252702276494
Remersdaal,Sint-Martens-Voeren,5.138571891864012
Montzen,Montzen-Ouest,0.9003962124715235
Tourpes,Y.Antoing,13.336180014756472
Pepinster,Pepinster-Cite,0.6564407761841743
Nessonvaux,Pepinster,4.712890490693982
Pepinster,Verviers-Central,3.895927779795703
Juslenville,Pepinster-Cite,2.1346706140703704
Voroux-Base_travaux_LGV,Y.Voroux,0.7083242449234266
Voroux,Y.Voroux,1.4174237412980193
Ottignies,Ottignies-Relais,1.1068262629805714
Ottignies-Relais,Y.Ottignies-Relais,0.438547352123838
Ottignies,Profondsart,2.8519573546105605
Ottignies,Y.Ottignies-Relais,1.4566788142255203
Ceroux-Mousty,Ottignies,1.370544607538434
Marche-en-Famenne,Marloie,3.119607368428354
Marche-en-Famenne,Racc.Marche-Defense_Nationale,3.774816812610492
Marloie,Rochefort-Jemelle,5.834702031598476
Aye,Marloie,2.6128602368814464
Mechelen,Y.Nekkerspoel,1.2019931467500895
Mechelen,Y.Muizen,0.9787475878321088
Mechelen,Y.Heike,4.813759488632501
Genk-Goederen,Y.Boksbergheide,2.909061505877294
Boksbergheide,Y.Boksbergheide,0.5862116536732511
Y.Boksbergheide,Y.Nieuwdak,0.6729984259717934
Genk,Y.Boksbergheide,2.2531201006709827
Genk-Goed.-Uitrit_Hulpstatie,Genk-Goederen,1.7279684706491634
Genk-Goederen,Genk-Goederen-Museumlijn,1.0238731231372735
Duinbergen,Heist,1.617452037477098
Duinbergen,Knokke,1.478413867425299
Moortsele,Scheldewindeke,1.7081526743562772
Balegem-Dorp,Scheldewindeke,2.1864734857109376
Landskouter,Moortsele,2.0961642588027947
Beverst,Diepenbeek,7.186160107647334
Beverst,Y.Rooierweg,0.2720767031129311
Anderlecht-Gril_Est_Anderlecht-Rooster_Oost,Anderlecht-Gril_Ouest_Anderlecht-Rooster_West,0.8008203758045417
Anderlecht-Gril_Est_Anderlecht-Rooster_Oost,Anderlecht_Anderlecht,0.36752583547855716
Anderlecht-Gril_Ouest_Anderlecht-Rooster_West,Lijn_50C-Seinen_BY82/AY82,3.3729579029561223
Anderlecht-Gril_Ouest_Anderlecht-Rooster_West,Anderlecht_Anderlecht,0.4332959255836323
Antwerpen-Noord-Inrit_T.W.,Antwerpen-Noord-T.W.,0.5842175172764758
Antwerpen-Noord-Bundel_Bvrd,Antwerpen-Noord-Inrit_T.W.,0.4686066561199775
Verb.Evonik_Degussa_Antwerpen,Verb.Oiltanking_1,0.1148920678871383
Mons-Aviation,Mons-Carwash,0.7355719630485555
Halle,Halle-Ring,0.518341773964248
Halle,Saintes,6.4639807301907135
Halle,Y.Noord_Halle,1.7969034386688751
Halle,Halle-Goederen,0.7181168809350572
Menen,Wevelgem,4.9974350353129084
Bissegem,Wevelgem,3.3501481364136834
Antwerpen-Noord-Blok_10,Antwerpen-Noord-Perron_CHW,0.9267236523171475
Antwerpen-Noord-Blok_10,Antwerpen-Noord-Toegang_A2,1.1203837002912362
Antwerpen-Noord-Blok_10,Y.Oost_Driehoek_Lillo,0.567460276854344
Antwerpen-Noord-Blok_10,Lijn_11/1-Kruising_lijn_223,0.5876729126746344
Antwerpen-Noord-Bundel_A1,Antwerpen-Noord-Toegang_A1,1.255277320422026
Antwerpen-Noord-Doodsporen_A1,Antwerpen-Noord-Toegang_A1,0.4561374818288458
Antwerpen-Nd-Bl.9-Rooster_D/E,Antwerpen-Noord-Bundel_A1,0.6381133657417708
Brugge-Bundel_A,Brugge-Bundel_B,0.3484985054983873
Rivage,Rivage-Marchandises,0.49806790435193354
Poulseur,Rivage-Marchandises,2.0965931443241383
Comblain-la-Tour,Rivage,3.5664327890619534
Racc.Belle-Roche,Rivage,1.8537401226543155
Y.Noord_Everstein,Y.Ringvaart,0.5134081741121819
Y.Ringvaart,Y.Wippelgem,4.757658873566054
Y.Ringvaart,Y.Zuid_Everstein,0.8354092383370139
Langerbrugge,Y.Noord_Everstein,1.8805163736777346
FMVOD-Inrit-Polymers.II,Y.Noord_Everstein,3.866920417198472
Antwerpen-Noord-Blok_L9,Antwerpen-Noord-Bundel_B3,0.6353569578818454
Tongeren,Verb.Hessenatie-Autotransport,1.512300840546598
Racc.Fockedey,Racc.Polyol,0.5744409644182572
Racc.Polyol,Racc.Yara,2.0391123424416966
Lijn_220/1-Kruising_lijn_221A,Y.Ford,0.16605867723032738
Antwerpen-D.S.-Belgische_Basis,Y.Ford,1.2105613060496518
Schaerbeek-NOS_Schaarbeek-NOS,Y.Schaerbeek-Carwash_Y.Schaarbeek-Carwash,0.06191414634944439
Neufvilles-Garage,Soignies,4.869877223211
Gentbrugge-Perron_C.W.,Y.Noord_Driehoek_Ledeberg,0.17154376432844023
Y.Kruiske,Y.Oost_Driehoek_Lillo,1.3708203882956431
Y.Kruiske,Y.Ordam,0.4565841824927559
Lichtervelde,Torhout,4.624229406622676
Torhout,Zedelgem,7.950687379948534
Lichtervelde,Roeselare,8.445705534948551
Lichtervelde,Tielt,14.64569319538598
Athus-Frontiere,Y.Athus-Nord,1.118048337321473
Rodange_frontiere_B_A,Y.Athus-Nord,1.118048337321473
Niel,Schelle,1.6130419287951354
Boom,Niel,2.6070352135245223
La_Louviere-Centre,Y.La_Paix,1.5110400697939577
La_Louviere-Centre,La_Louviere-Gare_Industrielle,1.331940818165227
De_Panne,Y.Koksijde,2.8760720054476967
De_Panne,De_Panne-Doodspoor,1.8397026741801497
Oostende-Perron_T.O.P.,Oostende-Rooster_G,0.7489101016275217
Oostende-Bundel_B,Oostende-Rooster_G,0.42373628053887824
Oostende-Rooster_G,Oostende-T.W.,0.25307723621987804
Oostende,Oostende-Rooster_G,1.7975863259280507
Oostende,Oostende-Perron_T.O.P.,1.1024232012528234
Evergem-Inrit_Bundel_Zandeken,Y.Wippelgem,0.5772232708323651
Evergem-Bundel_Zandeken,Evergem-Inrit_Bundel_Zandeken,0.46329158811979076
Kortenberg,Kortenberg-Goederen,0.6190097737423704
Kortenberg,Nossegem-Rooster_C/D,1.7203402330935125
Erps-Kwerps,Kortenberg,2.9494841071618896
Erps-Kwerps,Kortenberg-Goederen,2.3312351215903093
Idegem,Zandbergen,2.568257329284347
Appelterre,Zandbergen,1.2712006556023092
Lens,Y.Lens,2.3787666760497808
Courbe_de_Jurbise-PN_78,Y.Lens,0.44686058093765074
Cambron-Casteau,Lens,3.7306335192355187
Merelbeke-Centraal,Merelbeke-Rooster_S,0.8433033022903634
Flemalle-Grande,Jemeppe-sur-Meuse,1.8764650475623135
Jemeppe-sur-Meuse,Pont-de-Seraing,0.9702962450085946
Flemalle-Grande,Y.Leman,1.3451850901462281
Herent,Y.Wilsele,2.284696184062602
Herent,Y.Herent,0.7894646113961375
Y.Holsbeek,Y.Wilsele,1.1340796311159016
Tunnel_Overboelare,Viane-Moerbeke,2.6083877526008594
Galmaarden,Viane-Moerbeke,3.484642278341975
Geraardsbergen,Tunnel_Overboelare,1.6485504434572542
Enghien,Saintes,7.724626674186905
Gembloux,Lonzee,2.9866203105524693
Ernage,Gembloux,2.881947017401945
Chapelle-Dieu,Gembloux,1.589628417804549
Beuzet,Lonzee,2.994657760598019
Beuzet,Saint-Denis-Bovesse,1.798352135438281
Denderleeuw,Liedekerke,1.9494160002701673
Essene-Lombeek,Liedekerke,1.3949053935519642
Liedekerke,Y.Sint-Katherina-Lombeek,2.2596485590870516
Denderleeuw,Y.Welle,2.000717552169079
Denderleeuw,Iddergem,1.6918637691269767
Denderleeuw,Welle,1.941814464828099
Y.Melle,Y.Meulewijk,1.9656108765078113
Lijn_50A-Seinen_467,Y.Meulewijk,3.8871594398975744
Liers,Liers-Faisceau,0.35243629844236946
Liers,Milmort,2.3783001928418743
Lijn_204-Kruising_lijn_58/2,Y.Muide,0.3853308686616637
Gent-Zeehaven,Lijn_204-Kruising_lijn_58/2,0.6848376772488418
Lijn_204-Kruising_lijn_58/2,Y.Boma,1.4086052348234381
Lijn_204-Kruising_lijn_58/2,Y.Farmanstraat,0.3113551842889189
Y.Boma,Y.Muide,1.54564524481228
Wondelgem-Wiedauwkaaibrug,Y.Muide,0.7438367406420189
Gent-Zeehaven-Groot_Dok,Y.Muide,1.038935238286835
Stabroek-Rooster_Q,Stabroek-Sporen_027/028,4.946825789807464
Stabroek-Rooster_Q,Y.Stabroek,1.0770341104902885
Antwerpen-D.S.-Combinant,Stabroek-Sporen_027/028,1.7396160208027032
Monceau-Block_16,Roux,0.2743179602122007
Monceau-Gril_F,Roux,1.2355648447562102
Courcelles-Motte,Roux,2.164728731313388
Monceau-Block_16,Monceau-Reception,0.5324888779181939
Antwerpen-D.S.-Ijsland,Y.Polderdijk,1.703356101276961
Antwerpen-D.S.-Amerika-Zuid,Antwerpen-D.S.-Ijsland,1.9184495577556169
Antwerpen-D.S.-Ijsland,Y.Kastel,1.177559611618866
Verb.Total_Olefins_Antwerp,Y.Polderdijk,1.2198857283567914
Antwerpen-D.S.-Petrol,Y.Polderdijk,1.503120217041439
Marchin,Statte,3.8881613124194754
Bas-Oha,Statte,2.1267622543005555
Huy,Statte,1.0334825980533726
Ingelmunster,Verb.H.Essers,6.581575377080571
Ingelmunster,Izegem-Sas,2.5196771923767414
Verb.H.Essers,Y.Kortrijk-West,2.981344081107135
Acren,Lessines,2.3355794904218192
Acren,Geraardsbergen,4.593362557622996
Lessines,Y.Houraing,0.9719590893360956
Brugge,Brugge-Bundel_A,0.8129159089756033
Brugge,Brugge-Sint-Pieters,3.014545260967476
Brugge,Brugge-Bundels_U/V,0.8540325494484123
Lijn_50A-Seinen_203,Y.Welle,3.6565693916299518
Lijn_50A-Seinen_203,Y.Sint-Katherina-Lombeek,2.4637604544143716
Lijn_50A-Seinen_292,Y.Welle,5.38653299395419
Zeebrugge-Rooster_F,Zeebrugge-Rooster_G,1.3337848135450014
Zeebrugge-Bundel_Zwankendamme,Zeebrugge-Rooster_F,0.719037209834321
Zeebrugge-Bundel_Zwankendamme,Zeebrugge-Rooster_G,0.6148035564445921
Zeebrugge-Rooster_G,Zeebrugge-Vorming,0.4411369665577662
Braibant,Ciney,1.8519745588399577
Braibant,Natoye,4.25927759988854
Ciney,Leignon,2.9605311265998813
Bleret,Waremme,2.8152921648166744
Bleret,Remicourt,2.5994819443360124
Oostende,Oostende-Bundel_A,0.9593414530309134
Oostende-Bundel_A,Oostende-Bundel_B,0.4858321807240239
Racc.Andenne-Carmeuse,Sclaigneaux,3.720311670926012
Hofstade,Y.Prinsenhoek,1.8991390220079856
Houraing,Y.Houraing,0.15086311922915807
Lessines-Carrieres,Y.Houraing,1.6319865224016221
Houraing,Papignies,1.8595541713246464
Aarsele,Tielt,6.31296630640368
Aarsele,Deinze,8.190389729829013
Beernem,Maria-Aalter,4.5700355992129635
Aalter,Maria-Aalter,4.59716180743247
Beernem,Y.Stuyvenberg,4.569434022297418
Bornem,Temse,3.281091548218323
Bornem,Puurs,3.8525209162971965
Sint-Niklaas,Temse,7.488319617521872
Chastre,Ernage,2.0711730105010027
Blanmont,Chastre,1.6357398628509925
Entree_Racc.Holcim1,Racc.Holcim1,0.1547706717077488
Entree_Racc.Holcim1,Obourg,1.7178503165413939
Entree_Racc.Holcim1,Nimy,1.8528386678119322
Quievrain,Thulin,4.481136753803709
Hainin,Thulin,1.5612603237969431
Schaerbeek-Base_TucRail_Schaarbeek-Basis_TucRail,Y.Schaerbeek-Carwash_Y.Schaarbeek-Carwash,0.7205965724559608
Schaerbeek-P.E.D._Schaarbeek-D.O.P.,Y.Schaerbeek-Carwash_Y.Schaarbeek-Carwash,1.4091280221552036
Schaerbeek-Carwash_Schaarbeek-Carwash,Y.Schaerbeek-Carwash_Y.Schaarbeek-Carwash,0.06467803913226275
Bressoux,Chertal,5.530332348948549
Bressoux,Vise,12.064617205960715
Bressoux,Froidmont,1.1938496768079874
Marbehan,Y.Saint-Lambert,8.084749650864142
Habay,Marbehan,6.743542883372001
Gantaufet-Zoning,Y.Saint-Lambert,3.9548590773688237
Croix-Rouge,Y.Saint-Lambert,3.1581534114392475
Lijn_220/1-Kruising_lijn_221A,Y.Wilmarsdonkbrug,0.17025889684527076
Y.Geslecht-Zuid,Y.Ketenis-West,1.0983675077779063
Assesse,Floree,2.674312928637762
Assesse,Courriere,3.0179454984663256
Floree,Natoye,1.6126134645062722
Flawinne,Floreffe,3.3807882376286105
Flawinne,Ronet-P.E.,1.289043141879529
Floreffe,Franiere-Gril_C/D,1.5767128486668882
Familleureux,Y.Familleureux,0.816801495127371
Gouy-lez-Pieton,Pont-a-Celles,2.8617731688035897
Godarville,Gouy-lez-Pieton,2.47918137053782
Luttre,Pont-a-Celles,2.287878326331424
Racc.Flemalle-Cockerill_3-4,Y.Leman,1.6855705195528696
Leman,Y.Leman,0.16310994627616793
Comblain-la-Tour,Hamoir,3.9381992906831655
Hamoir,Sy,2.9038303900539457
Aywaille,Stoumont,9.246065392792866
Aywaille,Racc.Belle-Roche,4.522625357353842
Bokrijk,Boksbergheide,3.608612401486649
Pont-de-Seraing,Tilleur,1.2869215825134943
Braine-Alliance-CDS824,Braine-Alliance-Gril_C,0.10375262352363673
Braine-Alliance,Braine-Alliance-Gril_C,0.5136891310498075
Braine-Alliance-Gril_C,Lillois,2.4355170020896724
Aubange,Y.Aubange,1.677509754541978
Aubange,Aubange-Zoning,1.601420920262584
Willebroek,Willebroek-Zeekanaal,0.6537124162076449
Heike-Rooster_K/L/C,Willebroek-Zeekanaal,5.6629900926812216
Puurs,Willebroek,5.174436297125085
Schaerbeek-Base_TucRail_Schaarbeek-Basis_TucRail,Schaerbeek-Entree.26B_Schaarbeek-Inrit.26B,1.8496638963492529
Lijn_50C-Seinen_BY135/AY135,Y.Sint-Katherina-Lombeek,5.364765445468092
Monceau-Gril_F,Monceau-Reception,0.43777554509699146
Bertrix,Racc.Jehonville-M.D.N.,3.543813184066558
Paliseul,Racc.Jehonville-M.D.N.,8.189900376962763
Bertrix,Straimont,7.77778207244646
Bertrix,Y.Recogne,9.73544033923699
Wezemaal,Y.Holsbeek,5.878907325902549
Y.Dijlebrug,Y.Holsbeek,0.6672759075851525
Ath,Ghislenghien,6.662385506204553
Ath,Maffle,2.2341095669497544
Ath,Y.Le_Coucou,4.621228643447779
Ath,Leuze,11.643338713746216
Ath,Rebaix,3.963716354317703
Kieldrechtsluis,Y.Kalishoek-West,1.0648834948617962
Grupont,Mirwart,5.07841969379222
Forrieres,Grupont,4.727418612439202
Mirwart,Poix-Saint-Hubert,3.4553925352017285
Veltem,Y.Herent,1.94262008230138
Erps-Kwerps,Veltem,3.432198255654415
Vertrijk,Y.Molenbeek,8.574099428666011
Y.Molenbeek,Y.Tivoli,0.8978862545678036
Tienen,Vertrijk,6.992207530667859
Verb.Monsanto,Verb.Vesta_Terminal_Antwerp,0.8194584902761208
Verb.Monsanto,Verb.Oiltanking_2,0.13117203262858526
Verb.Solvay,Verb.Vesta_Terminal_Antwerp,0.34142794964740086
Genk-Zuid-R.O.-L231,Y.Termien,1.1378751993883114
Y.Bosdel,Y.Termien,0.5306968760763661
Verb.Kallo_Storage,Verb.Lanxess,0.2188101046170138
Courcelles-Motte,Luttre,5.012210505701499
Luttre,Obaix-Buzet,3.6266183890752237
Vise-Haut,Y.Vise-Haut,0.32832123721737727
Appelterre,Eichem,1.911626675846386
Harelbeke,Waregem,8.758190447045685
Fleurus,Lodelinsart,7.82391469836
Fleurus,Ligny,3.7516080967970264
Dave-Saint-Martin,Naninne,3.400220437816527
Dave-Saint-Martin,Jambes-Est,2.878414819276125
Naninne,Sart-Bernard,1.9545013448410906
Kortrijk-Goederen,Kortrijk-Ringlaan,1.610881249086515
Dinant,Yvoir,7.006054502341243
Cour-sur-Heure,Ham-sur-Heure,2.3672659481584883
Beignee,Ham-sur-Heure,1.417389257533849
Berzee,Cour-sur-Heure,1.9594143534430972
Saint-Vincent-Bellefontaine,Virton,12.868744526586273
Florenville,Saint-Vincent-Bellefontaine,9.057105551022469
Signeulx,Virton,8.721969849998429
Racc.Burgo_Ardennes,Virton,1.556427191829344
Criquelion-Faisceau,Y.Criquelion,1.401317907490191
Saint-Ghislain,Y.Criquelion,1.5473600042153617
Balen,Leopoldsburg,8.524818680836274
Zeebrugge-Rooster_H,Zeebrugge-Strand,0.8000269149781779
Zeebrugge-Dorp,Zeebrugge-Rooster_H,0.6861576530831864
Zeebrugge-Rooster_H,Zeebrugge-Vorming,0.882492377218248
Zeebrugge-Strand,Zeebrugge-Voorhaven-West,1.2843671032748463
Tour_et_Taxis_Thurn_en_Taxis,Y.Pannenhuis_Y.Pannenhuis,0.6449227480251557
Y.Laeken_Y.Laken,Y.Pannenhuis_Y.Pannenhuis,0.5038588899511415
Fexhe-le-Haut-Clocher,Momalle,2.1821828775489545
Momalle,Remicourt,3.3955807155013282
Fexhe-le-Haut-Clocher,Voroux,2.4138546324868493
Esneux,Poulseur,2.331438720532385
Machelen,Y.Machelen,0.6849651118658914
Courbe_de_Soignies-PN_63,Y.Soignies,0.49176251498203344
Soignies,Y.Soignies,3.553253683019858
Hourpes,Landelies,3.3570058012734743
Heike-Rooster_K/L/C,Y.Heike,1.2326811324680305
Saint-Ghislain,Ville-Pommeroeul,7.206296946115807
Boussu,Saint-Ghislain,1.8578586844618945
Oostende-Verb.Tilbury,Oostende-Zeehaven,1.6068195170966342
Oostende-T.W.,Oostende-Zeehaven,1.2446088751156776
Racc.Yara,Tertre,1.0061988628662557
Y.Antwerpen-Zuid,Y.West_Berchem,2.678328148119724
Sleidinge,Waarschoot,4.815215203513221
Hennuyeres,Hennuyeres-Garage,0.38308170692766264
Sint-Niklaas,Sint-Niklaas-Oost,1.2797142597333289
Nieuwkerken-Waas,Sint-Niklaas-Oost,1.9608724453148332
Belsele,Sint-Niklaas,4.4205047938302
Y.Farnese-West,Y.Ketenis-West,0.9183749123609164
Y.Ketenis-West,Y.Ketenis-Zuid,1.1249606859982744
Bas-Oha,Java,2.33311072300728
Andenne,Java,4.977338302950902
Thimister-Clermont,Y.Hammerbrucke,16.016717515040394
Chenee,Thimister-Clermont,16.50075632529169
Hergenrath,Y.Hammerbrucke,0.914469984053277
Welkenraedt,Y.Hammerbrucke,6.984968967853248
Havre,Obourg-Marchandises,2.96667996540804
Mouscron,Mouscron-Frontiere,2.7372333954043953
Frontiere_FR_-_BE,Mouscron,2.7372333954043953
Herseaux,Mouscron,3.011474561703248
Y.Kortrijk-West,Y.Leiebrug,0.5284264341533897
Bissegem,Y.Kortrijk-West,1.7264485896201929
L50D-YSTBG_WART973,Y.Stuyvenberg,0.3182003293814744
Erbisoeul,Ghlin,2.588959246090006
La_Sambre,Y.La_Sambre,0.6360843650226616
Jamioulx,La_Sambre,5.6354406773514425
La_Sambre,Marchienne-Zone,1.540026900303582
La_Sambre,Y.Nord,0.6845997443385498
Y.La_Sambre,Y.Nord,0.8823932072140785
Lanaken,Lanaken-Grens,0.6062258412049257
Lanaken,Maastricht_grens,0.6062258412049257
Ampsin,Huy,4.086405648635685
Halanzy,Signeulx,7.48609914726356
Pry,Walcourt,1.1827333772506503
Berzee,Pry,2.549671256473586
Drongen,Landegem,5.799285592944046
Landegem,Landegem-Rooster_G/H/L,1.32400232040041
Ougree,Ougree-Gril_F/K,0.647535966032985
Ougree-Gril_F/K,Seraing,1.0948206429320018
Meiser_Meiser,Y.Cinquantenaire_Y.Jubelpark,0.45212734228061013
Merode_Merode,Y.Cinquantenaire_Y.Jubelpark,1.2198263650675483
Feluy-Zoning,Feluy-Zoning-Faisceau_B,0.49911288938950077
Feluy-Zoning,Racc.INEOS,1.6866121119717896
Ruisbroek-Bundel,Ruisbroek-Bundel-Inrit_Ruisbroek-Bundel-Inrit,0.6951250840774065
Philippeville,Philippeville-642,0.5138020071416167
Mariembourg,Philippeville-642,10.234386491214476
Y.Amerika,Y.Kastel,0.620825376342106
Braine-l'Alleud,Waterloo,3.462032892569099
De_Hoek,Waterloo,2.7769061276621576
Braine-Alliance,Braine-l'Alleud,1.7147450228781695
Langerbrugge,VERB.Kronos,0.11554408069807827
Leuven-EBP_sporen_471/472,Y.Tivoli,0.4069598106303296
Leuven-Bundel_Q,Y.Tivoli,0.38644594580310765
Y.Parkbrug,Y.Tivoli,0.6403646826165661
Havinnes,Leuze,11.122059667765791
Havinnes,Tournai,4.507085560768914
Y.Straussbrug,Zeebrugge-Dorp,0.2954608692032046
Y.Straussbrug,Zeebrugge-Bundel_N.I.D.,0.8558214030490267
Y.Straussbrug,Zeebrugge-Zweedse_Kaai,1.3343380841346806
Antwerpen-Noord-Blok_L9,Antwerpen-Noord-Bundel_B2,0.7621147451140694
Antwerpen-Noord-Blok_L9,Antwerpen-Noord-Toegang_A2,1.5659605457239962
Lessines-Carrieres,Lessines-Carrieres-Cul_de_sac,0.9572311275610266
Carlsbourg,Paliseul,1.8262682770008614
Y.Wippelgem,Zelzate,7.341171373126539
Vise,Vise-Frontiere,2.182422061341337
Eijsden_grens,Vise,2.182422061341337
Arlon,Viville,2.0338181620370195
Arlon,Y.Autelbas,4.723965108231063
Arlon,Arlon-P.E.D.,0.5286899589594797
Schaerbeek-Entree.26B_Schaarbeek-Inrit.26B,Y.Entree_Groupe_R_Y.Inrit_Groep_R,0.02898485753274295
Schaerbeek-Entree.26B_Schaarbeek-Inrit.26B,Schaerbeek-Entree.BruPort_Schaarbeek-Inrit.BruPort,1.5653801660481956
Lijn_207-Seinen_AWL207,Y.Albertkanaal,1.550030781393556
Schaerbeek-Faisceau_L_Schaarbeek-Bundel_L,Schaerbeek-Gril_N_Schaarbeek-Rooster_N,0.7521106682147314
Antwerpen-D.S.-BASF,Antwerpen-DS-Noordzeeterminal,1.9875153239896195
Antwerpen-DS-Noordzeeterminal,Y.Frederik,1.3053224539182964
Antwerpen-D.S.-BASF,Antwerpen-D.S.-Combinant,1.0804860343588918
Bambrugge,Burst,1.2810933238515594
Bouwel,Wolfstee,2.9602422472868484
Bouwel,Nijlen,5.836950173156544
Wolfstee,Y.Albertkanaal,1.1848719545632338
Jambes-Est,Namur-Herbatte,1.8313322050680059
Jambes,Namur-Herbatte,1.7975385535549087
Namur,Namur-Herbatte,0.5105534079251968
Namur-Herbatte,Plomcot,0.9823894272686504
Bomal,Sy,2.9267534971447486
Enghien,Silly,8.624177652095725
Enghien,Herne,3.747387092986213
Silly,Y.Silly,1.6286008649681758
Haren-Sud_Haren-Zuid,Y.Pont_Albert_Y.Albertbrug,2.2321691460020943
Beauraing,Houyet,9.190731321930837
Gendron-Celles,Houyet,3.715371652739349
Beauraing,Voneche,5.475970108298491
Deinze,Waregem,12.238524573735091
Deinze,Deinze-Wijksporen,0.4088630255819614
Ezemaal,Tienen,6.249013435342316
Antwerpen-Nd-Bl.9-Rooster_G/E,Antwerpen-Noord-Toegang_A2,0.27370982162110963
Gouvy,Vielsalm,10.441383226203275
Gouvy,Gouvy-Frontiere,1.9972924830454948
Gouvy,Troisvierges_frontiere,1.9972924830454948
De_Bist,Kessel,1.3810669145861525
Maffle,Mevergnies-Attre,2.7557570526644355
Brugelette,Mevergnies-Attre,1.5740869724282818
Antwerpen-Nd-Bl.9-Rooster_D/E,Antwerpen-Noord-Perron_MainHub,1.1780855450380177
Antwerpen-Nd-Bl.9-Rooster_D/E,Antwerpen-Noord-Bundel_A2,0.6982774347490482
Iddergem,Okegem,2.419035908661627
Ninove-Wijkspoor,Okegem,2.254814853479914
Obourg,Obourg-Marchandises,0.6860692286624562
Y.Blauwe_Toren,Y.Dudzele,2.0825204964230073
Hove,Mortsel-Liersesteenweg,1.734713676650066
Chateau-de-Seilles,Racc.Andenne-Carmeuse,0.23759052465281058
Andenne,Chateau-de-Seilles,1.0067925391721968
Galmaarden,Tollembeek,2.1842685668106547
Herne,Tollembeek,1.9965456030354805
Couvin,Mariembourg,4.801693364875059
Ninove,Ninove-Wijkspoor,0.6064987272150812
Y.Antoing,Y.Maubray,1.3755259179830615
Antoing,Y.Maubray,2.751491612037887
Esplechin-Frontiere,Y.Antoing,13.162213501438773
Frontière FR-BE (Wannehain - Antoing),Y.Antoing,13.162213501438773
Criquelion-Faisceau,Tertre,1.313776138691166
Chapois,Leignon,1.3174009813466967
Y.Zaventem,Zaventem,0.5502521634568275
Diegem,Zaventem,2.031132971091634
Zaventem,Zaventem-Rooster_P/Q,0.13630252423580944
Y.Nossegem,Y.Zaventem,0.909541469315767
Nossegem,Y.Zaventem,2.0169518734032366
Y.Luchthaven,Y.Zaventem,0.803016514696372
Neerpelt,Overpelt,1.2145905640716068
Y.Bosdel,Y.Nieuwdak,1.4963540013036902
Genk-Goed.-Uitrit_Hulpstatie,Y.Nieuwdak,1.3336038134977288
Genk-Zuid-R.O.-SML,Y.Bosdel,1.7198347082705785
Genk-Zuid-R.O.-Haven,Y.Bosdel,1.2962774374520218
Vilvoorde,Y.Machelen,1.5690212247601092
Essene-Lombeek,Ternat,3.628860603609471
Hamont,Neerpelt,7.784735852150787
Y.Driehoekstraat,Y.Sint-Mariaburg,0.8037961221539459
Sint-Mariaburg,Y.Sint-Mariaburg,0.2549098721809971
Ekeren,Y.Sint-Mariaburg,1.4771957708884291
Franiere,Moustier,3.174145784369058
Franiere,Franiere-Gril_C/D,0.787542005539982
Juslenville,Theux,0.9776639226197105
Ans-Plans,Liege-Plans,3.844985703312909
Gent-Zeehaven-Sifferdok,Gent-Zeehaven-Sifferdok_R.O.,1.6443069168927087
Gent-Zeehaven-Sifferdok,Gent-Zeehaven-Sifferdok_L.O.,0.9728923405602703
Gent-Rodenhuize,Gent-Zeehaven-Sifferdok,3.992620374646581
Gent-Zeehaven-Sifferdok,Y.Farmanstraat,1.0487993500872443
Zedelgem,Zedelgem-Rooster_E/G,1.247550250054606
Verb.Bayer_Rubber,Verb.Mexiconatie,0.6366669722140548
Antwerpen-W.H.-B.Canada,Verb.Bayer_Rubber,0.4533924056924751
Verb.3M_Belgium,Verb.Mexiconatie,0.21495625976480637
Y.Krijgsbaan,Y.Zuid_Groenenhoek,2.498968601461639
Simonis_Simonis,Tour_et_Taxis_Thurn_en_Taxis,0.7751772349822366
Bois_d'Ausse,Courriere,1.5045314055893562
Bois_d'Ausse,Sart-Bernard,2.7433423830263246
Landelies,Marchienne-Zone,3.4849299659497293
Seraing,Y.Val-Saint-Lambert,2.311251447721395
Melle,Y.Melle,0.28297295747296386
Gontrode,Y.Melle,2.3670135988655234
Antwerpen-W.H.-B.Verrebroek,Y.Verrebroek,0.6219167489558689
Y.Spaans_Fort,Y.Verrebroek,1.350481642295787
Lijn_50C-Seinen_BY135/AY135,Lijn_50C-Seinen_BY82/AY82,4.3756140718940095
Aubange-Zoning,Halanzy,2.7584036024604273
Genk-Zuid-R.O.-L230,Genk-Zuid-R.O.-SML,0.434926931606949
FMVOD-Inrit-Polymers.II,VERB.Polymers.II,0.0009346804401961567
Evergem-Overdam,FMVOD-Inrit-Polymers.II,0.15406516436824733
Genk-Zuid-R.O.-Cronimet,Zutendaal,0.3157884420805353
Genk-Zuid-R.O.-Aperam,Genk-Zuid-R.O.-Cronimet,1.9717691542322788
Namur,Ronet,2.698769598600647
Namur,Y.Ronet,2.4189444584032103
Florenville,Straimont,9.843086894630988
Lijn_4-Stopmerkborden_249x,Meer-Grens,0.8946969193217593
HSL_Breda_grens,Lijn_4-Stopmerkborden_249x,0.8946969193217593
Schaerbeek-Cul_de_sac_814_Schaarbeek-Doodspoor_814,Schaerbeek-Sas_K/C_Schaarbeek-Sas_K/C,0.6081143394016453
Y.Le_Coucou,Y.Silly,6.357071854815793
Herentals,Y.Albertkanaal,1.8519603815341628
Balegem-Dorp,Balegem-Zuid,2.377018052136392
Mortsel,Mortsel-Oude_God,1.3080488981489053
Hove,Mortsel-Oude_God,2.0975402598391635
Mortsel,Y.Berchem-Stadion,1.331403804595413
Hoboken-Polder,Verb.Hoboken-Umicore,1.89973478019143
Anseremme,Gendron-Celles,5.178471630647863
Boussu,Hainin,2.2513000877057214
Antwerpen-Noord-Bundel_C1,Antwerpen-Noord-Uitrit_C1,0.612128902791325
Lijn_208-Kruising_lijn_211,Y.Ketenis-Zuid,0.28178183384211125
Y.Den_Beer,Y.Ketenis-Zuid,0.5738128948788306
Lijn_208-Kruising_lijn_211,Y.Ketenis-Oost,0.0429846028464259
Lijn_208-Kruising_lijn_211,Y.Farnese-West,0.03270239648273256
Brugge-Sint-Pieters,Y.Blauwe_Toren,2.4406784293322064
Y.Hever,Y.Prinsenhoek,0.9711409725174296
Hever,Y.Hever,0.3915413467526039
Gent-Zeehaven,Y.Bernadettestraat,1.3746199001682795
Gent-Zeehaven,Y.Farmanstraat,0.9739567937147039
Y.Oost_Driehoek_Lillo,Y.West_Driehoek_Lillo,0.2905557716665978
Antwerpen-D.S.-Lillo,Y.West_Driehoek_Lillo,0.8215734506520036
Y.Noord_Driehoek_Lillo,Y.West_Driehoek_Lillo,0.25779592584763783
Y.Noord_Driehoek_Lillo,Y.Oost_Driehoek_Lillo,0.22264930839563016
Papignies,Rebaix,3.6620716882546924
Blankenberge,Y.Blauwe_Toren,9.15107940200403
Antwerpen-Noord-Bundel_Bvrd,Antwerpen-Noord-Bundel_N,0.4670336908791615
Antwerpen-D.S.-Lillo,Y.Ordam,0.7968734318760239
Antwerpen-D.S.-Lillo,Antwerpen-D.S.-Oorderen,1.7897319765999222
Racc.Eurogal,Racc.Segal,0.0874696024813096
Forest-Voitures-Quai_Service_Vorst-Rijtuigen-Dienstperron,Forest-Voitures_Vorst-Rijtuigen,0.10762250331263307
Antwerpen-Nd-Bl.9-Rooster_G/E,Antwerpen-Noord-Bundel_A2,0.6930479989811273
Antwerpen-Nd-Bl.9-Rooster_G/E,Antwerpen-Noord-Perron_MainHub,0.21131099655838836
Aiseau,Farciennes,2.247868002905426
Ronet,Y.Ronet,0.32080982731499486
Frameries,Genly,1.6992065810945112
Genly,Quevy,5.464749341090182
Eeklo,Waarschoot,4.0184626220015875
Bassenge,Racc.Vise-CBR,5.765134022334753
Racc.Vise-CBR,Y.Vise-Haut,0.2599324536503619
Bruxelles-Ouest_Brussel-West,Simonis_Simonis,1.7783135594291737
Genk-Zuid-L.O.-Ford,Genk-Zuid-LO-Inrit_Zuid_FORD,0.5141907407833122
Spa,Spa-Geronstere,0.7417468471592205
Franchimont,Spa,4.551368653642378
Kapelle-op-den-Bos-Zeekanaal,Y.Heike,3.5016422722145095
Antwerpen-Haven,Antwerpen-Noord-Uitrit_C1,0.552337869909356
Antwerpen-Noord-Bundel_Bvrd,Antwerpen-Noord-Uitrit_C1,0.23331046387610735
Puurs,Ruisbroek-Sauvegarde,3.064064576131722
Verb.4STOX,Y.Noord_Driehoek_Lillo,0.3850667725238313
Ligne_36/1-Voie_059_Lijn_36/1-Spoor_059,Y.Keelbeek_Y.Keelbeek,0.2580427372828856
Sterpenich-Frontiere,Y.Autelbas,4.44204768211
Kleinbettingen_frontiere,Y.Autelbas,4.44204768211
Habay,Stockem-Nord,10.313389455863307
Stockem,Stockem-Nord,0.11047585690637446
Forrieres,Rochefort-Jemelle,3.120858484166216
Racc.Lhoist,Rochefort-Jemelle,0.580386408994018
Antwerpen-W.H.-B.Zuid,Y.Hazop,1.086481497478182
Y.Haandorp,Y.Hazop,0.5315889778622858
Chatelet-Carwash,Chatelet-Faisceau_C,0.6730094255735992
Antwerpen-W.H.-B.Canada,Antwerpen-W.H.-B.Kallo,4.000787521217572
Beez,Plomcot,2.997290041555864
Hamont,Hamont-Grens,0.9407806367842179
Budel_grens,Hamont,0.9407806367842179
Boom,Verb.Bedrijvencluster_Puurs,0.7483122158951788
Ruisbroek-Zeekanaal,Verb.Bedrijvencluster_Puurs,0.04426308667744386
Morlanwelz,Y.Mariemont,2.405584696660716
Schaerbeek-A.T./E._Schaarbeek-T.W./E.,Schaerbeek-Sas_K/C_Schaarbeek-Sas_K/C,0.6079780997539168
Jette_Jette,Zellik,3.8370192423404
Franchimont,Theux,1.3407390593410884
Quevy,Quevy-Frontiere,1.4107035824837424
Frontière FR-BE (Feignies - Quévy),Quevy,1.4107035824837424
Halle-Goederen,Y.Noord_Halle,1.0830294513938257
Huizingen,Y.Noord_Halle,1.015053767259376
Brugelette,Cambron-Casteau,1.6826867555137859
Verb.IBR,Y.Oudendijk,0.3897285786255469
Verb.IBR,Verb.Solvay,1.778650502447832
Antwerpen-D.S.-Oudendijk,Y.Oudendijk,1.4466426164496098
Y.Frederik,Y.Oudendijk,1.6572586416420176
Flemalle-Annexe,Y.Val-Saint-Lambert,0.8188881395238626
Antwerpen-D.S.-Belgische_Basis,Antwerpen-D.S.-Far-West,1.2268250482448984
Dolhain-Gileppe,Welkenraedt,4.4025966989604575
Genk-Zuid-LO-Inrit_Zuid_FORD,Y.Rooierweg,4.505663210719977
Inrit_Verb.Prayon-Rupel,Ruisbroek-Zeekanaal,1.0314976233937334
Inrit_Verb.Prayon-Rupel,Verb.Prayon-Rupel,0.6570531489754171
Inrit_Verb.Prayon-Rupel,Ruisbroek-Sauvegarde,0.9583143852803732
Beringen,Heusden,3.4170884323540496
Heusden,Zolder-Kruissporen,2.624969913307597
Aye,Haversin,8.068015034816865
Haversin,Haversin-Gril_K,0.11550765517392589
Burst,Terhagen,1.7460121023495907
Burst,Ede,4.7092512837762985
Heverlee-Rooster_K/L,Y.Parkbrug,1.1028374195613995
Origine.L125L/2-3,Renory_2,0.7616092837830845
Y.Farnese-West,Y.Ketenis-Oost,0.07449219836950047
Verb.Oiltanking_1,Verb.Oiltanking_2,0.31245442867102025
Forest-Est_Vorst-Oost,Y.Forest-Est_Y.Vorst-Oost,1.626741621061339
Schaerbeek-Sas_K/C_Schaarbeek-Sas_K/C,Y.Entree_Groupe_R_Y.Inrit_Groep_R,0.20190655892008336
Leupegem-Seinen_SL9-TL9,Ronse,9.643492506071663
Zelzate,Zelzate-Grens,0.908921950094966
Sas_van_Gent_grens,Zelzate,0.908921950094966
Gent-Zeehaven-Darsen,Y.Farmanstraat,1.0830286664868285
Dinant,Y.Neffe,2.1218887746975446
Anseremme,Y.Neffe,0.9479099515349246
Le_Coucou-Base_LGV,Y.Le_Coucou,0.4369896574511329
Izegem,Roeselare,6.617740602750642
Izegem,Izegem-Sas,0.44513225547678015
Schellebelle,Serskamp,3.3784268536908333
Schellebelle,Wichelen,3.7479055473937173
Y.Keelbeek_Y.Keelbeek,Y.Machelen,1.779841103738578
Entree_Schaerbeek-C.P.I._Inrit_Schaarbeek-P.C.I.,Y.Keelbeek_Y.Keelbeek,0.8518171898975345
Machelen-Ring,Y.Keelbeek_Y.Keelbeek,1.2195289817237953
Dendermonde,Zele,6.987058215587043
Dendermonde,Oudegem,2.8696585576610927
Baasrode-Wijksporen,Dendermonde,2.521866872062728
Dendermonde,Sint-Gillis,1.1034973332119409
Lokeren,Zele,5.454897310399951
Bascoup,Pieton,3.3062529927413236
Carnieres,Pieton,2.215438099498221
Genk-Zuid-R.O.-Aperam,Genk-Zuid-R.O.-L230,1.3245464617420397
Limal,Y.Ottignies-Relais,0.8917873845612186
Groenendaal,Hoeilaart,1.433602756452702
Racc.Eurogal,Y.Val-Saint-Lambert,3.8544050039000894
Y.Etterbeek_Y.Etterbeek,Y.Watermael_Y.Watermaal,0.2753158718942127
Racc.Delta-STIB_Verb.Delta-MIVB,Y.Etterbeek_Y.Etterbeek,0.1312777476399743
Diegem,Zaventem-Rooster_P/Q,1.8952851230578716
Kortrijk-Goederen,Kortrijk-T.O.P.,1.2336488195180586
Oostakker,Y.Bernadettestraat,0.8557931976684617
Turnhout,Turnhout-Bundel,0.5882736751234281
Antoing,Entree_Racc.Holcim2,1.0191066660177728
Entree_Racc.Holcim2,Racc.Holcim2,0.5072006452619833
Entree_Racc.Holcim2,Tournai,5.232815382505243
Gontrode,Landskouter,1.251105029529673
Hoegaarden,Pousset,26.703802477900666
Eichem,Ninove,2.873233158009186
Y.Kattestraat,Y.Zwijndrecht-Fort,0.7704660077890073
Y.Zwijndrecht-Fort,Zwijndrecht,1.2837413745364206
Y.Melsele,Y.Zwijndrecht-Fort,1.3468119630855868
Antwerpen-W.H.-B.Kallo,Y.Kattestraat,3.5002435248723267
Y.Kattestraat,Y.Melsele,0.9319710690942442
Beignee,Jamioulx,2.221741683453098
Nossegem,Nossegem-Rooster_C/D,1.1072038387957328
Nossegem,Y.Nossegem,1.1360707561195569
Y.Luchthaven,Y.Nossegem,0.4705407094858346
Chapois,Haversin-Gril_K,5.067706297109447
Froyennes,Tournai,3.464492544519987
Zeebrugge-Bundel_Dart-Line,Zeebrugge-Voorhaven-West,0.6308209980862988
Sclessin,Tilleur,2.1555862906017635
Kessel,Nijlen,3.348858753651646
Wijgmaal,Y.Dijlebrug,1.9604231037956206
Y.Linkebeek-Halle_Y.Linkebeek-Halle,Y.Linkebeek_Y.Linkebeek,1.1266517247436376
Saint-Job_Sint-Job,Y.Linkebeek-Halle_Y.Linkebeek-Halle,1.6961777515760843
Moensberg_Moensberg,Y.Linkebeek-Halle_Y.Linkebeek-Halle,1.0764332450290368
Linkebeek,Y.Linkebeek_Y.Linkebeek,0.13594609920739703
Moensberg_Moensberg,Y.Linkebeek_Y.Linkebeek,0.7358388376368895
Antwerpen-D.S.-Oorderen,Y.Ordam,0.9996064704595432
Carnieres,Morlanwelz,1.6624055341356028
Angleur,Chenee,1.085908154502849
Chaudfontaine,Chenee,3.152481267367027
Aigremont-Block_8.7,Engis,1.7326468143394744
Engis,Racc.Prayon,0.44537304465636235
Lokeren,Lokeren-Oost,0.5239682975468429
Beervelde,Lokeren,7.685988481054973
Antwerpen-D.S.-Kongo,Antwerpen-D.S.-Rhodesie,1.1068605192282674
Blandain-Frontiere,Froyennes,6.623635518396908
Frontière FR-BE (Baisieux - Froyennes),Froyennes,6.623635518396908
Froyennes,Herseaux,12.205535771446188
Ieper,Poperinge,9.879161715330289
Melsele,Y.Melsele,0.2264730486354167
Beersel,Moensberg_Moensberg,2.319605890414352
Moensberg_Moensberg,Uccle-Calevoet_Ukkel-Kalevoet,1.5853746113686373
Beersel,Huizingen,3.05468686701958
Charleroi-Ouest,Lodelinsart,3.1808628331998863
Belsele,Sinaai,1.6386726255941082
Lokeren-Oost,Sinaai,6.573885063847302
Uccle-Calevoet_Ukkel-Kalevoet,Uccle-Stalle_Ukkel-Stalle,1.2710851201261442
Oudegem,Schoonaarde,3.8068299532437067
Baasrode-Wijksporen,Baasrode-Zuid,1.178322699122781
Kapelle-op-den-Bos,Kapelle-op-den-Bos-Zeekanaal,0.4146023581254072
Kapelle-op-den-Bos,Londerzeel,4.331777332258677
Lebbeke,Sint-Gillis,2.2780117096169548
Heizijde,Lebbeke,2.361986350838159
Kapellen,Kapellen-Wijkspoor,0.5098630062694431
Kapellen,Sint-Mariaburg,2.249790352002311
Heide,Kapellen-Wijkspoor,5.653997360620745
Saint-Job_Sint-Job,Vivier_d'Oie_Diesdelle,0.9893801289071201
Hambos,Wijgmaal,3.5185057344440733
Hambos,Wespelaar-Tildonk,2.3742570187192
Tilly,Tilly-Garage,0.42790426832277373
Tilly,Villers-la-Ville,2.6840711643611512
Ligny,Tilly-Garage,4.731693308710946
Melsele,Melsele-Rooster_O/Q,0.8268004442338951
Beveren,Melsele-Rooster_O/Q,1.1411380115662086
Heverlee,Oud-Heverlee,4.125627941561604
Heverlee,Heverlee-Rooster_K/L,0.5248307573127676
Oud-Heverlee,Sint-Joris-Weert,3.8516360920135497
Herzele,Hillegem,1.669328180129289
La_Roche,Villers-la-Ville,3.6151512152426357
Archennes,Gastuche,2.1625030295099816
Archennes,Florival,0.9959056198513818
Basse-Wavre,Gastuche,2.4333859798042634
Delta_Delta,Merode_Merode,2.3164701135581214
Delta_Delta,Racc.Delta-STIB_Verb.Delta-MIVB,0.12426286098833061
Forest-Est_Vorst-Oost,Uccle-Stalle_Ukkel-Stalle,0.8834602346765082
Heizijde,Opwijk,2.6531051428872274
Merchtem,Opwijk,3.412646950932495
Haaltert,Welle,2.090113936894424
Ede,Haaltert,2.4240627452852324
Entree_Schaerbeek-C.P.I._Inrit_Schaarbeek-P.C.I.,Schaerbeek-C.P.I._Schaarbeek-P.C.I.,0.1229108032907461
Kalmthout,Kijkuit,1.1691558577477366
Heide,Kijkuit,1.6073712130594906
Kalmthout,Wildert,4.216497924942773
Boortmeerbeek,Hever,2.927415215613748
Boortmeerbeek,Haacht,3.2604142596978165
Faux,La_Roche,1.463807642916012
Haacht-Wijkspoor,Wespelaar-Tildonk,1.2895477490258578
Haacht,Haacht-Wijkspoor,0.6278041194114845
Anzegem,Vichte,7.254039760103373
Verb.Deerlijk-Casier,Vichte,2.8685959566484787
Meiser_Meiser,Schaerbeek-Josaphat_Schaarbeek-Josaphat,0.660114479575777
Ceroux-Mousty,Court-Saint-Etienne,1.5419719553790727
Court-Saint-Etienne,Faux,2.885748231547337
Y.Machelen-Zuid,Y.Pont_Albert_Y.Albertbrug,4.667463990235862
Haren_Haren,Racc.Haren-STIB_Verb.Haren-MIVB,0.18507665216762606
Buzet,Obaix-Buzet,2.2075221020671645
Antwerpen-Linkeroever,Zwijndrecht-Rooster_D,0.5946987115606122
Evere_Evere,Schaerbeek-Josaphat_Schaarbeek-Josaphat,0.9680047414774591
Bordet_Bordet,Evere_Evere,1.2233996820186923
Herzele,Terhagen,1.3707082885767863
Essen,Essen-Grens,0.726913233329827
Essen,Roosendaal_grens,0.726913233329827
Essen,Wildert,4.003629991109983
Buzet,Nivelles,5.288154512686192
Londerzeel,Malderen,4.615680433000221
Basse-Wavre,Wavre,1.4512534747939023
Bierges-Walibi,Wavre,1.1798588940184649
Melle-T.W.,Merelbeke-Sas_T.W.,1.1103058187184764
Arcades_Arcaden,Boondael_Boondaal,0.9221848861256624
Boondael_Boondaal,Vivier_d'Oie_Diesdelle,1.5233865355743075
Beveren,Nieuwkerken-Waas,5.9038758838787215
Merchtem,Mollem,2.387295832677819
Bierges-Walibi,Limal,2.2130092822138927
Holleken,Linkebeek,1.2710256878406334
Holleken,Sint-Genesius-Rode,2.16278019067609
Buggenhout,Malderen,2.166904403293735
Baasrode-Zuid,Buggenhout,3.2756248550860896
Asse,Mollem,2.957811851488218
Zwijndrecht,Zwijndrecht-Rooster_D,0.6111382177240499
Schoonaarde,Wichelen,2.549134964682734
Asse,Zellik,5.075212419765999
Lillois,Nivelles,5.209903025734262
Bordet_Bordet,Racc.Haren-STIB_Verb.Haren-MIVB,1.2651167960333487
Pecrot,Sint-Joris-Weert,2.4573675613525143
Munkzwalm,Sint-Denijs-Boekel,2.3321524415135944
Beervelde,Oostakker,8.259461498597826
Florival,Pecrot,1.978824712578496
De_Hoek,Sint-Genesius-Rode,1.161302544890332
Brussels_Airport_-_Zaventem,Y.Luchthaven,1.1714120662224754
Y.Brucargo,Y.Machelen-Noord,0.8459256019424004
Y.Machelen-Noord,Y.Machelen-Zuid,1.9058931657255818
Aachen_Sud_Grenze,Hergenrath,1.0389164736945633
Hergenrath,Hergenrath-Frontiere,1.0389164736945633
Verviers-Central,Verviers-Palais,0.8299123996774124
Dolhain-Vicinal,Verviers-Palais,5.814939039218559
Dolhain-Gileppe,Dolhain-Vicinal,1.142148518485623
Brussels_Airport_-_Zaventem,Y.Brucargo,2.2133399391215707
Y.Brucargo,Y.Machelen-Zuid,1.511733789702589
Gent-Rodenhuize,Gent-Rodenhuizedok,2.6946105267900187
Gent-Noord,Gent-Rodenhuizedok,3.571669528797922
Chaudfontaine,Trooz,3.4770310999187157
Olne,Trooz,1.2922679423635837
Fraipont,Nessonvaux,1.4837625993690138
Fraipont,Olne,1.4479376555494123
Machelen-Ring,Y.Machelen-Zuid,0.32826098220019084
